h1,h2,h3,h4,h5,h6,h7,h8,img_filename
-0.12607009708881378,0.17154060304164886,-0.14004071056842804,-0.049240708351135254,0.09690698236227036,-0.0873119980096817,-0.14037686586380005,0.04322712495923042,heart_679.png
-0.08647698909044266,0.163082093000412,-0.11911538243293762,-0.09184841811656952,0.09775646030902863,-0.0731767863035202,-0.12284921109676361,0.023245669901371002,heart_331.png
-0.054814763367176056,0.17157861590385437,-0.09863710403442383,-0.09440672397613525,0.08296944200992584,-0.11122425645589828,-0.1266372799873352,0.02843322977423668,heart_214.png
-0.09834256768226624,0.15722227096557617,-0.11587515473365784,-0.09994541108608246,0.0835239440202713,-0.07271399348974228,-0.09620463848114014,0.06202253699302673,heart_326.png
-0.1424117386341095,0.2104695737361908,-0.18288560211658478,0.005983084440231323,0.13275915384292603,-0.12770533561706543,-0.19481027126312256,0.10213330388069153,heart_481.png
-0.11903145909309387,0.1957392692565918,-0.13245466351509094,-0.034516219049692154,0.14052248001098633,-0.11956214904785156,-0.15933135151863098,0.0603804811835289,heart_395.png
-0.06070780009031296,0.13418814539909363,-0.13190628588199615,-0.07596813142299652,0.07659152150154114,-0.09283331036567688,-0.10405336320400238,0.014545850455760956,heart_697.png
-0.09880902618169785,0.18585528433322906,-0.19373100996017456,-0.06316369771957397,0.12513640522956848,-0.11347787827253342,-0.12690456211566925,0.04409753158688545,heart_567.png
-0.04670530557632446,0.17065858840942383,-0.11848752200603485,-0.09264551103115082,0.08864638209342957,-0.0679604783654213,-0.11504022777080536,-0.012251630425453186,heart_721.png
-0.11358853429555893,0.16802579164505005,-0.15406771004199982,-0.07905387878417969,0.06463082134723663,-0.07309967279434204,-0.10966949909925461,0.037864066660404205,heart_1022.png
-0.07858926057815552,0.17263156175613403,-0.16344770789146423,-0.08926281332969666,0.07825068384408951,-0.08304733037948608,-0.13032090663909912,0.028659306466579437,heart_181.png
-0.03934429958462715,0.14205828309059143,-0.11632996797561646,-0.13123583793640137,0.05331249162554741,-0.06451937556266785,-0.09221673011779785,-0.0008993856608867645,heart_600.png
-0.034317031502723694,0.15232524275779724,-0.1157601848244667,-0.09039279073476791,0.09998734295368195,-0.09841171652078629,-0.13710856437683105,0.01883098855614662,heart_903.png
-0.04626176506280899,0.13363809883594513,-0.11949127912521362,-0.1024174690246582,0.04882344976067543,-0.07870492339134216,-0.08758938312530518,-0.000266488641500473,heart_658.png
-0.13409124314785004,0.1654609590768814,-0.1607731282711029,-0.02934114634990692,0.11581756919622421,-0.09375312179327011,-0.1561833620071411,0.06788887828588486,heart_1008.png
-0.09198087453842163,0.18100422620773315,-0.15004649758338928,-0.10084781050682068,0.10434874892234802,-0.10085782408714294,-0.1264912188053131,0.020710451528429985,heart_960.png
-0.13539956510066986,0.1716715693473816,-0.13844604790210724,-0.038228362798690796,0.10467460751533508,-0.07100827246904373,-0.13163265585899353,0.04411803558468819,heart_831.png
-0.04159442335367203,0.14951077103614807,-0.11305243521928787,-0.13279210031032562,0.09669150412082672,-0.09686069190502167,-0.11887785792350769,-0.021480761468410492,heart_819.png
-0.10189822316169739,0.14719006419181824,-0.13837307691574097,-0.0999273881316185,0.06376972794532776,-0.07322825491428375,-0.09508242458105087,0.022711239755153656,heart_1089.png
-0.046738144010305405,0.14672446250915527,-0.09896910190582275,-0.08954231441020966,0.09977293014526367,-0.08101862668991089,-0.08854910731315613,0.030673030763864517,heart_235.png
-0.09075551480054855,0.15041354298591614,-0.12306247651576996,-0.10488677024841309,0.07166291773319244,-0.05907014384865761,-0.11115045100450516,-0.0091153085231781,heart_889.png
-0.16807375848293304,0.2256741225719452,-0.16264250874519348,0.013942185789346695,0.17764562368392944,-0.14846625924110413,-0.20208093523979187,0.06878157705068588,heart_850.png
-0.06729982793331146,0.16195741295814514,-0.11592153459787369,-0.09766338765621185,0.06146753951907158,-0.07892855256795883,-0.11081473529338837,0.026277514174580574,heart_347.png
-0.13762158155441284,0.1945514976978302,-0.182224303483963,-0.0066397786140441895,0.11275972425937653,-0.13644883036613464,-0.16717076301574707,0.06529390066862106,heart_190.png
-0.05897163599729538,0.15860527753829956,-0.1368941217660904,-0.11159829050302505,0.05421131104230881,-0.07867517322301865,-0.08727949857711792,-0.004936732351779938,heart_849.png
-0.10030333697795868,0.17257475852966309,-0.13780386745929718,-0.0814504474401474,0.12250882387161255,-0.06852191686630249,-0.17128682136535645,0.04986078664660454,heart_1064.png
-0.10814148932695389,0.18231721222400665,-0.17799882590770721,-0.05837343633174896,0.06979408860206604,-0.09081335365772247,-0.13396552205085754,0.03663276508450508,heart_352.png
-0.04707975685596466,0.11927497386932373,-0.12230182439088821,-0.13366547226905823,0.01672571897506714,-0.07233726978302002,-0.08019772171974182,-0.013411637395620346,heart_1165.png
-0.05416564270853996,0.15369006991386414,-0.11540859937667847,-0.09780336916446686,0.05937376618385315,-0.056727588176727295,-0.11034184694290161,-0.022646185010671616,heart_590.png
-0.06519933044910431,0.16608622670173645,-0.1304912567138672,-0.09309925884008408,0.07689671218395233,-0.10870316624641418,-0.09644980728626251,0.03965763747692108,heart_1054.png
-0.11522237956523895,0.19911393523216248,-0.18282389640808105,-0.007592067122459412,0.11454863846302032,-0.14469890296459198,-0.17105475068092346,0.11544599384069443,heart_424.png
-0.1410418152809143,0.2147223800420761,-0.14058278501033783,-0.00042485445737838745,0.16643954813480377,-0.11788814514875412,-0.17240801453590393,0.09397627413272858,heart_884.png
-0.05660516023635864,0.15578295290470123,-0.138808935880661,-0.1103188693523407,0.054706647992134094,-0.07657493650913239,-0.08496572077274323,-0.0019221343100070953,heart_932.png
-0.04722099378705025,0.1313888132572174,-0.10311438143253326,-0.11051149666309357,0.06141660735011101,-0.08969580382108688,-0.10569629073143005,0.030903056263923645,heart_856.png
-0.05756230652332306,0.12486870586872101,-0.12557068467140198,-0.0930846780538559,0.09110259264707565,-0.08142820000648499,-0.0960138738155365,-0.006959930062294006,heart_1181.png
-0.11448810249567032,0.15749242901802063,-0.1542397439479828,-0.0734609067440033,0.08007116615772247,-0.08765812963247299,-0.09985331445932388,0.02284201793372631,heart_1186.png
-0.09221699833869934,0.14290878176689148,-0.10153888165950775,-0.09155432879924774,0.061436764895915985,-0.049312055110931396,-0.10935050249099731,0.012259110808372498,heart_1188.png
-0.10150366276502609,0.1683875024318695,-0.14483913779258728,-0.08729062974452972,0.06852258741855621,-0.08348461240530014,-0.08636564016342163,0.03934156522154808,heart_84.png
-0.08330848813056946,0.14480897784233093,-0.15837907791137695,-0.13175567984580994,0.0550200454890728,-0.06132281571626663,-0.09072273224592209,0.020199235528707504,heart_1070.png
-0.1243457943201065,0.1554802656173706,-0.14985206723213196,-0.0891030877828598,0.10296104848384857,-0.08594418317079544,-0.09337874501943588,0.023960214108228683,heart_72.png
-0.0849204882979393,0.16025462746620178,-0.14360925555229187,-0.10774685442447662,0.07108604907989502,-0.08235393464565277,-0.09180773794651031,0.02957669273018837,heart_10.png
-0.12669789791107178,0.17716357111930847,-0.1763255000114441,-0.0006356090307235718,0.10165683180093765,-0.08691882342100143,-0.15368029475212097,0.08158016204833984,heart_260.png
-0.0883311852812767,0.16999655961990356,-0.12956902384757996,-0.10986451059579849,0.07973790168762207,-0.07776195555925369,-0.11478075385093689,0.009778052568435669,heart_258.png
-0.1490963101387024,0.1667996346950531,-0.14617085456848145,-0.013072900474071503,0.12278931587934494,-0.09334364533424377,-0.16613155603408813,0.052916429936885834,heart_160.png
-0.1401943415403366,0.21622371673583984,-0.16238021850585938,0.0006480216979980469,0.1596870869398117,-0.11601315438747406,-0.1774778962135315,0.08906516432762146,heart_42.png
-0.0976308137178421,0.17381256818771362,-0.13849788904190063,-0.06589275598526001,0.12796932458877563,-0.10935170203447342,-0.1637427806854248,0.039165303111076355,heart_757.png
-0.09450443834066391,0.16196224093437195,-0.13416120409965515,-0.11465349048376083,0.05057899281382561,-0.07851789146661758,-0.10742359608411789,0.02513212338089943,heart_712.png
-0.05579342320561409,0.11743111908435822,-0.12132628262042999,-0.11486075818538666,0.07122012227773666,-0.059596091508865356,-0.07791262865066528,-0.0022816285490989685,heart_1097.png
-0.09808315336704254,0.13453975319862366,-0.12555190920829773,-0.10898908227682114,0.053501930087804794,-0.06862708926200867,-0.07237634062767029,0.011474229395389557,heart_298.png
-0.062496840953826904,0.1478237807750702,-0.14371749758720398,-0.10217511653900146,0.08981519192457199,-0.0982947126030922,-0.08045510202646255,-0.01317736878991127,heart_808.png
-0.07712860405445099,0.15737484395503998,-0.1310109794139862,-0.12926684319972992,0.06250422447919846,-0.07001911103725433,-0.09653890132904053,0.0016786344349384308,heart_1141.png
-0.021984271705150604,0.11469469964504242,-0.09833058714866638,-0.1255447417497635,0.03517187014222145,-0.08022207021713257,-0.06507457792758942,-0.009786825627088547,heart_931.png
-0.02761867642402649,0.1490526795387268,-0.11096387356519699,-0.13657018542289734,0.1003139540553093,-0.07672233879566193,-0.10791467875242233,0.002573080360889435,heart_1010.png
-0.09926095604896545,0.17347711324691772,-0.10030089318752289,-0.08155633509159088,0.1383342146873474,-0.07983632385730743,-0.13532069325447083,0.011618230491876602,heart_138.png
-0.0949251651763916,0.14523233473300934,-0.13077960908412933,-0.13687565922737122,0.05073683708906174,-0.05640140175819397,-0.10400675237178802,-0.014361511915922165,heart_1026.png
-0.12418260425329208,0.2021300196647644,-0.1592695415019989,-0.03402678668498993,0.11619025468826294,-0.09256517142057419,-0.14834368228912354,0.07516155391931534,heart_972.png
-0.1367947906255722,0.1666845828294754,-0.1585647612810135,-0.05673999711871147,0.09436279535293579,-0.0869622752070427,-0.1148616373538971,0.03596966341137886,heart_404.png
-0.13991884887218475,0.18099498748779297,-0.1625436246395111,-0.027457639575004578,0.13107776641845703,-0.10132291913032532,-0.16547930240631104,0.06046382337808609,heart_186.png
-0.05930618569254875,0.1519065648317337,-0.12135448306798935,-0.1138806939125061,0.07269363105297089,-0.056284792721271515,-0.0972805768251419,-0.0023125112056732178,heart_289.png
-0.07708364725112915,0.14165475964546204,-0.13919541239738464,-0.13047391176223755,0.0683012306690216,-0.05785810947418213,-0.09742938727140427,0.0017115026712417603,heart_470.png
-0.08854974061250687,0.1752755343914032,-0.13596899807453156,-0.10435350239276886,0.07358796894550323,-0.08723311871290207,-0.1128753274679184,0.020301518961787224,heart_1169.png
-0.10656715929508209,0.13897591829299927,-0.13964703679084778,-0.1100103110074997,0.05812684819102287,-0.07084201276302338,-0.0807105004787445,0.02548328787088394,heart_9.png
-0.0817272961139679,0.17688536643981934,-0.1478697955608368,-0.05975416302680969,0.1277182698249817,-0.09046770632266998,-0.156704843044281,0.019017066806554794,heart_832.png
-0.06183035299181938,0.15517625212669373,-0.11444379389286041,-0.07007347792387009,0.12233462929725647,-0.08624444156885147,-0.1578182578086853,0.029215648770332336,heart_1177.png
-0.08245503157377243,0.15413950383663177,-0.12457214295864105,-0.12201999872922897,0.062044043093919754,-0.07498189806938171,-0.09696485102176666,-0.011393114924430847,heart_668.png
-0.12635116279125214,0.19495829939842224,-0.1670682728290558,-0.03273393213748932,0.09192673861980438,-0.0868460163474083,-0.163589209318161,0.07072211056947708,heart_664.png
-0.051726143807172775,0.11122594028711319,-0.10587313771247864,-0.10820551216602325,0.05211662873625755,-0.04790665954351425,-0.08358465880155563,-0.003154408186674118,heart_965.png
-0.062252454459667206,0.1912403255701065,-0.14284910261631012,-0.07537038624286652,0.09502612054347992,-0.12302745878696442,-0.1257224828004837,0.02197708934545517,heart_733.png
-0.04886317998170853,0.1324956864118576,-0.10948274284601212,-0.10849379748106003,0.06865836679935455,-0.051470085978507996,-0.075767382979393,-0.015112672001123428,heart_816.png
-0.06899803876876831,0.14464743435382843,-0.12398996204137802,-0.10259269177913666,0.08650877326726913,-0.09262910485267639,-0.09326164424419403,0.02060689777135849,heart_276.png
-0.04616764187812805,0.1541597694158554,-0.10381264984607697,-0.11216102540493011,0.07044611126184464,-0.09722213447093964,-0.10458436608314514,0.025259479880332947,heart_943.png
-0.09659702330827713,0.17337089776992798,-0.1364937424659729,-0.10215771198272705,0.0661814883351326,-0.08442580699920654,-0.12735742330551147,0.013832896947860718,heart_855.png
-0.061893709003925323,0.14347223937511444,-0.1345684975385666,-0.09370869398117065,0.08774103224277496,-0.09739402681589127,-0.10909460484981537,-0.024596087634563446,heart_993.png
-0.08993424475193024,0.17312780022621155,-0.13684256374835968,-0.08396774530410767,0.08681532740592957,-0.08675344288349152,-0.10413746535778046,0.04246582090854645,heart_633.png
-0.07688704133033752,0.14918701350688934,-0.14399200677871704,-0.12774904072284698,0.06156880035996437,-0.06294675916433334,-0.10004377365112305,0.00022138282656669617,heart_649.png
-0.06372325122356415,0.13694606721401215,-0.13637395203113556,-0.10347671061754227,0.09015800058841705,-0.0905153751373291,-0.10428223013877869,-0.0062016695737838745,heart_1109.png
-0.09366726130247116,0.124611996114254,-0.10981039702892303,-0.10527476668357849,0.03822487220168114,-0.058258187025785446,-0.0554051548242569,0.010700374841690063,heart_1006.png
-0.10118661820888519,0.16019859910011292,-0.13138779997825623,-0.07306043803691864,0.07860201597213745,-0.058137793093919754,-0.1169809028506279,0.017965933308005333,heart_1193.png
-0.08624278753995895,0.1346738636493683,-0.11629419773817062,-0.09619763493537903,0.061352357268333435,-0.061717137694358826,-0.08950238674879074,-0.006491135805845261,heart_1159.png
-0.11443445831537247,0.18124079704284668,-0.17593377828598022,-0.03948354721069336,0.11037760972976685,-0.1104472354054451,-0.14060339331626892,0.05151853710412979,heart_266.png
-0.06761007755994797,0.15701821446418762,-0.14898225665092468,-0.11314017325639725,0.06802669167518616,-0.09674432128667831,-0.13716314733028412,-0.01105460524559021,heart_1156.png
-0.12213946133852005,0.17853552103042603,-0.17628231644630432,-0.020774278789758682,0.12086395919322968,-0.12115846574306488,-0.19000983238220215,0.06734954565763474,heart_905.png
-0.13511362671852112,0.19874440133571625,-0.1412181705236435,0.005048677325248718,0.18094950914382935,-0.10603830963373184,-0.17435474693775177,0.07451188564300537,heart_586.png
-0.12647677958011627,0.19644367694854736,-0.1482514590024948,-0.02280859649181366,0.11712105572223663,-0.10393944382667542,-0.1447351574897766,0.06597921997308731,heart_703.png
-0.041344597935676575,0.12468194961547852,-0.1351609230041504,-0.124395452439785,0.07315575331449509,-0.07216232270002365,-0.09582691639661789,-0.0019526369869709015,heart_201.png
-0.09370919317007065,0.17497727274894714,-0.12708626687526703,-0.11870867013931274,0.0663931667804718,-0.08494146168231964,-0.09865953028202057,0.05426038056612015,heart_530.png
-0.11798340827226639,0.19434282183647156,-0.14431001245975494,-0.048995375633239746,0.13343825936317444,-0.09728801250457764,-0.12871411442756653,0.036393605172634125,heart_1020.png
-0.14936700463294983,0.17511820793151855,-0.17666023969650269,-0.03708776831626892,0.1257040798664093,-0.09108167141675949,-0.15106827020645142,0.07004507631063461,heart_613.png
-0.062232814729213715,0.135835200548172,-0.13160394132137299,-0.13818146288394928,0.030311454087495804,-0.05897192656993866,-0.07943993806838989,0.007696811109781265,heart_2.png
-0.08133348077535629,0.13237804174423218,-0.11778195947408676,-0.12795275449752808,0.03102625161409378,-0.05727337673306465,-0.06218239665031433,0.02135734260082245,heart_1003.png
-0.029634647071361542,0.13112479448318481,-0.11794084310531616,-0.11824974417686462,0.027771946042776108,-0.0785432904958725,-0.08779940009117126,0.007401168346405029,heart_67.png
-0.04610490798950195,0.18889781832695007,-0.10366484522819519,-0.07884489744901657,0.08437231928110123,-0.07901009917259216,-0.13235309720039368,0.00529073178768158,heart_598.png
-0.09768390655517578,0.1532517373561859,-0.1354539543390274,-0.1193644106388092,0.09159118682146072,-0.07916717976331711,-0.09909737855195999,0.032735683023929596,heart_215.png
-0.053491171449422836,0.14475345611572266,-0.10536639392375946,-0.09687173366546631,0.09234395623207092,-0.09552445262670517,-0.10520780831575394,0.037189483642578125,heart_622.png
-0.13708868622779846,0.2110842764377594,-0.15753455460071564,-0.020175449550151825,0.12804670631885529,-0.09793809801340103,-0.1717207282781601,0.0515073798596859,heart_635.png
-0.06199084222316742,0.12799260020256042,-0.11811360716819763,-0.09095852077007294,0.06599140912294388,-0.0755128264427185,-0.07014364749193192,-0.0054792240262031555,heart_249.png
-0.09581483900547028,0.13259302079677582,-0.1185968741774559,-0.09274934232234955,0.08906926214694977,-0.06154807657003403,-0.11068534851074219,-0.03714289143681526,heart_1170.png
-0.0429479219019413,0.1311706155538559,-0.12796899676322937,-0.12039687484502792,0.0491146519780159,-0.05657394230365753,-0.07701919227838516,0.005394332110881805,heart_743.png
-0.07067170739173889,0.20740996301174164,-0.13122768700122833,-0.04003357142210007,0.1011582687497139,-0.09024050831794739,-0.18290475010871887,0.061057016253471375,heart_559.png
-0.1334867775440216,0.1694221794605255,-0.17320625483989716,-0.057229310274124146,0.10292793810367584,-0.08857731521129608,-0.10118722170591354,0.04458189383149147,heart_83.png
-0.05029689520597458,0.1765802651643753,-0.10399623960256577,-0.07934768497943878,0.1242627203464508,-0.0700453370809555,-0.16881200671195984,0.02923370897769928,heart_285.png
-0.05269467085599899,0.1443803459405899,-0.11518740653991699,-0.11207336187362671,0.07490328699350357,-0.06052428483963013,-0.06837337464094162,0.008645817637443542,heart_180.png
-0.09593382477760315,0.1926427185535431,-0.14095953106880188,-0.09419938921928406,0.08592633903026581,-0.10153153538703918,-0.1334848701953888,0.05003358796238899,heart_303.png
-0.061483390629291534,0.1811257302761078,-0.12471865862607956,-0.06832682341337204,0.12002630531787872,-0.10233233869075775,-0.10422955453395844,0.039618998765945435,heart_680.png
-0.05175768584012985,0.1437574326992035,-0.11865407973527908,-0.1334654837846756,0.047182597219944,-0.08270102739334106,-0.09774696826934814,-0.0019548796117305756,heart_569.png
-0.04008699953556061,0.15258947014808655,-0.1126718819141388,-0.12584751844406128,0.12187036126852036,-0.08377277851104736,-0.1389346569776535,-0.005626365542411804,heart_676.png
-0.03059612214565277,0.14573238790035248,-0.11229138821363449,-0.12250593304634094,0.07579299062490463,-0.09103494137525558,-0.09074604511260986,0.004375148564577103,heart_49.png
-0.04688693583011627,0.12998417019844055,-0.11677920073270798,-0.11864037811756134,0.05710993707180023,-0.05571860820055008,-0.07826554775238037,-0.009082026779651642,heart_986.png
-0.10205807536840439,0.1465771645307541,-0.1258617490530014,-0.03580155968666077,0.15458926558494568,-0.11228359490633011,-0.156448096036911,-0.005122587084770203,heart_1197.png
-0.0777931660413742,0.17196276783943176,-0.13381576538085938,-0.07750348746776581,0.08952297270298004,-0.10182103514671326,-0.09068553149700165,0.009243443608283997,heart_796.png
-0.1329217106103897,0.16594350337982178,-0.16721870005130768,-0.009460695087909698,0.10303767770528793,-0.10840252041816711,-0.15831957757472992,0.11828777194023132,heart_36.png
-0.07330737262964249,0.16174200177192688,-0.11134953051805496,-0.10039283335208893,0.07442042976617813,-0.07874687761068344,-0.10422128438949585,-0.002951890230178833,heart_185.png
-0.06935679167509079,0.13319391012191772,-0.14368480443954468,-0.11109855771064758,0.0731433629989624,-0.09547927975654602,-0.09811916947364807,0.011653847992420197,heart_805.png
-0.10788542032241821,0.15075159072875977,-0.14516057074069977,-0.058341268450021744,0.08692457526922226,-0.06107565015554428,-0.11041512340307236,0.04000651836395264,heart_851.png
-0.07508345693349838,0.12143252789974213,-0.09456783533096313,-0.09165071696043015,0.10285553336143494,-0.08098141103982925,-0.08756058663129807,0.010117296129465103,heart_230.png
-0.0559479221701622,0.1870713084936142,-0.10768365114927292,-0.060009948909282684,0.1583888977766037,-0.11857396364212036,-0.15406963229179382,0.06688567996025085,heart_678.png
-0.11345765739679337,0.1569678783416748,-0.13313522934913635,-0.09783764183521271,0.11126169562339783,-0.0979132428765297,-0.10395123064517975,0.03710997849702835,heart_1108.png
-0.05935344845056534,0.1371728479862213,-0.11928243190050125,-0.1146257072687149,0.07449747622013092,-0.05747024714946747,-0.08266288787126541,-0.0011133849620819092,heart_653.png
-0.06994766741991043,0.12008734047412872,-0.11451444029808044,-0.0989258736371994,0.085010826587677,-0.09419907629489899,-0.09160653501749039,0.02240139991044998,heart_406.png
-0.0726231187582016,0.14960061013698578,-0.13070808351039886,-0.10850698500871658,0.051328446716070175,-0.09681620448827744,-0.08960019797086716,0.011139806360006332,heart_817.png
-0.020914286375045776,0.12209733575582504,-0.11634071916341782,-0.12680204212665558,0.039442259818315506,-0.054570313543081284,-0.06999453157186508,-0.01959184557199478,heart_645.png
-0.08373813331127167,0.14406031370162964,-0.13064369559288025,-0.11059780418872833,0.08763031661510468,-0.07094405591487885,-0.10379350185394287,-0.016304802149534225,heart_311.png
-0.1200300008058548,0.15726877748966217,-0.13994675874710083,-0.05716223269701004,0.06502248346805573,-0.08128569275140762,-0.1202932745218277,0.037826091051101685,heart_988.png
-0.048578858375549316,0.1471201479434967,-0.12669183313846588,-0.13669534027576447,0.06675256788730621,-0.06068537384271622,-0.07582341879606247,-0.01719691976904869,heart_471.png
-0.0700821578502655,0.19290778040885925,-0.11587102711200714,-0.04660691320896149,0.12898647785186768,-0.11557033658027649,-0.13243858516216278,0.06171559542417526,heart_165.png
-0.07934044301509857,0.13845297694206238,-0.133724182844162,-0.11833303421735764,0.05716126784682274,-0.05718886852264404,-0.09701278805732727,-0.0030089598149061203,heart_915.png
-0.10090053081512451,0.15464922785758972,-0.1377013623714447,-0.13141600787639618,0.04406750947237015,-0.060719508677721024,-0.07478360831737518,0.018168926239013672,heart_862.png
-0.05194133520126343,0.1659509837627411,-0.09623962640762329,-0.126886248588562,0.06799890100955963,-0.10958954691886902,-0.11089050769805908,0.029256973415613174,heart_92.png
-0.0892162024974823,0.18272149562835693,-0.10372736304998398,-0.050258513540029526,0.12345825135707855,-0.11994220316410065,-0.1331837922334671,0.04508194327354431,heart_511.png
-0.13998077809810638,0.1801351010799408,-0.14529171586036682,-0.023584958165884018,0.12440670281648636,-0.07924575358629227,-0.14751285314559937,0.06989862769842148,heart_342.png
-0.03464282304048538,0.11672258377075195,-0.09040552377700806,-0.11345888674259186,0.04884333536028862,-0.058657221496105194,-0.08733563125133514,-0.00797591358423233,heart_655.png
-0.11478205770254135,0.1643381416797638,-0.12159617990255356,-0.0653458908200264,0.08956637233495712,-0.04909522831439972,-0.10558637976646423,0.03880374878644943,heart_838.png
-0.04148593544960022,0.13030844926834106,-0.11023901402950287,-0.1207839846611023,0.062090471386909485,-0.07093173265457153,-0.07993561029434204,0.004173830151557922,heart_536.png
-0.037199147045612335,0.15233615040779114,-0.1269414722919464,-0.11345069855451584,0.07175649702548981,-0.07248078286647797,-0.09622905403375626,0.01416080817580223,heart_669.png
-0.12485121190547943,0.19073912501335144,-0.15787936747074127,-0.006684362888336182,0.12345388531684875,-0.10081720352172852,-0.14962708950042725,0.06126406043767929,heart_251.png
-0.041795141994953156,0.11677753925323486,-0.12535279989242554,-0.14874330163002014,0.03011312335729599,-0.07175184786319733,-0.06855267286300659,-0.007577069103717804,heart_510.png
-0.06463231891393661,0.13459451496601105,-0.10890524834394455,-0.13171353936195374,0.06519633531570435,-0.08024715632200241,-0.09194231778383255,-0.013405486941337585,heart_385.png
-0.0586589053273201,0.14710667729377747,-0.12103448063135147,-0.08788564056158066,0.12338472902774811,-0.09545241296291351,-0.14525961875915527,0.030596058815717697,heart_421.png
-0.07526550441980362,0.15557323396205902,-0.12948015332221985,-0.13128536939620972,0.07881145179271698,-0.05274087190628052,-0.11020667105913162,-0.01794915646314621,heart_694.png
-0.04658161848783493,0.1759461909532547,-0.09711027145385742,-0.12362127751111984,0.09130008518695831,-0.0960863009095192,-0.09096884727478027,0.024687979370355606,heart_1149.png
-0.05747257173061371,0.138723686337471,-0.08421726524829865,-0.11277814209461212,0.046748630702495575,-0.06318202614784241,-0.08129079639911652,0.0033858083188533783,heart_762.png
-0.13604332506656647,0.19757992029190063,-0.1656796634197235,-0.018216997385025024,0.11873435974121094,-0.11891792714595795,-0.15051963925361633,0.04814312607049942,heart_371.png
-0.08376257121562958,0.17282956838607788,-0.136558398604393,-0.10966600477695465,0.055340856313705444,-0.05823272466659546,-0.11588232964277267,0.017694693058729172,heart_661.png
-0.1531863957643509,0.19400447607040405,-0.1649218201637268,-0.005347944796085358,0.15509676933288574,-0.11470033973455429,-0.19021067023277283,0.07239127904176712,heart_26.png
-0.14661374688148499,0.19547072052955627,-0.14341357350349426,-0.0014421790838241577,0.13424858450889587,-0.10190298408269882,-0.14293192327022552,0.07625991106033325,heart_194.png
-0.07138220965862274,0.14601528644561768,-0.10885437577962875,-0.08356821537017822,0.0736740306019783,-0.08402413129806519,-0.1063840389251709,0.037112511694431305,heart_909.png
-0.14058281481266022,0.18739457428455353,-0.17902131378650665,-0.01775383949279785,0.12347161769866943,-0.10492977499961853,-0.1620827168226242,0.06344269961118698,heart_1114.png
-0.06797676533460617,0.20637136697769165,-0.11798793077468872,-0.04703977704048157,0.11629416048526764,-0.10339458286762238,-0.12259650230407715,0.05440478399395943,heart_1092.png
-0.1271771341562271,0.1942061483860016,-0.19054190814495087,-0.01491817831993103,0.11364854127168655,-0.1277669370174408,-0.15679872035980225,0.07153008878231049,heart_192.png
-0.08348236978054047,0.16754378378391266,-0.08291133493185043,-0.07481132447719574,0.10571850091218948,-0.06931068748235703,-0.17191481590270996,-0.0029298625886440277,heart_1016.png
-0.10732588171958923,0.1699259877204895,-0.16085253655910492,-0.0725206807255745,0.08872102200984955,-0.11261166632175446,-0.11749773472547531,0.026966553181409836,heart_934.png
-0.1479978710412979,0.22823001444339752,-0.15175603330135345,-0.012111499905586243,0.15637178719043732,-0.13443094491958618,-0.16546446084976196,0.08011090755462646,heart_1091.png
-0.10305750370025635,0.1722310185432434,-0.15114617347717285,-0.09055456519126892,0.087511345744133,-0.09508037567138672,-0.09866354614496231,0.038684483617544174,heart_744.png
-0.06705068051815033,0.15384754538536072,-0.1152903363108635,-0.09466229379177094,0.07684265077114105,-0.1046561747789383,-0.12093666195869446,0.04124496504664421,heart_178.png
-0.05180377513170242,0.11913228034973145,-0.09376203268766403,-0.12145532667636871,0.04883338510990143,-0.07044258713722229,-0.07753795385360718,-0.005679447203874588,heart_1123.png
-0.03542081639170647,0.12020088732242584,-0.13715320825576782,-0.10832705348730087,0.07374194264411926,-0.07243949174880981,-0.090218186378479,-0.0036544837057590485,heart_432.png
-0.07203499972820282,0.17770250141620636,-0.1467776596546173,-0.08264003694057465,0.10796855390071869,-0.1296072006225586,-0.13250863552093506,0.022830728441476822,heart_280.png
-0.0813932791352272,0.12551189959049225,-0.12301483750343323,-0.12660762667655945,0.04228303208947182,-0.05536703020334244,-0.06724473088979721,-0.0227210596203804,heart_873.png
-0.031156323850154877,0.11434264481067657,-0.10500547289848328,-0.1210198625922203,0.03283456712961197,-0.04580353945493698,-0.07790295034646988,-0.01086212694644928,heart_820.png
-0.11569887399673462,0.15775896608829498,-0.1998051255941391,-0.03844834119081497,0.12547534704208374,-0.12190033495426178,-0.12955300509929657,0.05506846308708191,heart_340.png
-0.05417649447917938,0.1649014949798584,-0.14481163024902344,-0.08718524128198624,0.08143694698810577,-0.0944557785987854,-0.1153314858675003,0.030146073549985886,heart_555.png
-0.02870604395866394,0.14223861694335938,-0.13913550972938538,-0.11430978775024414,0.08421804010868073,-0.10723597556352615,-0.12369600683450699,0.022517208009958267,heart_80.png
-0.07096123695373535,0.13622595369815826,-0.11823947727680206,-0.09132318198680878,0.10343389958143234,-0.08825083822011948,-0.09845638275146484,0.01579442247748375,heart_297.png
-0.1123468428850174,0.1651599109172821,-0.11140981316566467,-0.07515155524015427,0.08229277282953262,-0.06881312280893326,-0.10283255577087402,0.027144495397806168,heart_307.png
-0.07386519759893417,0.14058104157447815,-0.16301310062408447,-0.11385523527860641,0.08311623334884644,-0.07649465650320053,-0.09882517904043198,-0.00380152091383934,heart_716.png
-0.1119057834148407,0.15150561928749084,-0.13334891200065613,-0.06805684417486191,0.0678686648607254,-0.07565364241600037,-0.11767492443323135,0.05608068406581879,heart_95.png
-0.04339984804391861,0.15102827548980713,-0.11503829807043076,-0.0950159952044487,0.08774199336767197,-0.1167987734079361,-0.12033223360776901,0.01849493384361267,heart_64.png
-0.0443839356303215,0.15244007110595703,-0.11133641004562378,-0.09707897901535034,0.0649888664484024,-0.10925236344337463,-0.11386269330978394,0.026605874300003052,heart_533.png
-0.09882061183452606,0.12674233317375183,-0.10983484983444214,-0.10553444921970367,0.0455118790268898,-0.053182512521743774,-0.05459452420473099,0.006885655224323273,heart_38.png
-0.11044181883335114,0.1343916654586792,-0.15663844347000122,-0.11174983531236649,0.05923396348953247,-0.07492852210998535,-0.0793541669845581,0.03779289126396179,heart_255.png
-0.09879936277866364,0.14274835586547852,-0.12429285794496536,-0.09522044658660889,0.049950744956731796,-0.05784517526626587,-0.09682314097881317,0.01459462195634842,heart_39.png
-0.09071482717990875,0.19434340298175812,-0.1336323469877243,-0.06304777413606644,0.12078075110912323,-0.10986387729644775,-0.13550037145614624,0.045140258967876434,heart_119.png
-0.06453545391559601,0.16334939002990723,-0.09885397553443909,-0.10035156458616257,0.0713280439376831,-0.09301697462797165,-0.1066407710313797,0.02961130440235138,heart_1071.png
-0.0969717875123024,0.16608944535255432,-0.1416231095790863,-0.07079523801803589,0.08882585167884827,-0.0749574601650238,-0.11565561592578888,0.05155758559703827,heart_594.png
-0.0602412112057209,0.1586204320192337,-0.1438523828983307,-0.09950247406959534,0.09471765160560608,-0.10649840533733368,-0.12740260362625122,0.011322297155857086,heart_335.png
-0.10904942452907562,0.1806211769580841,-0.15410633385181427,-0.05284986272454262,0.07639871537685394,-0.1050075963139534,-0.1411539614200592,0.05562334507703781,heart_375.png
-0.06566761434078217,0.13940773904323578,-0.10030298680067062,-0.08199107646942139,0.0830642431974411,-0.05604047700762749,-0.09399227797985077,0.019904248416423798,heart_56.png
-0.12532934546470642,0.17365342378616333,-0.15800106525421143,-0.03615877032279968,0.10103371739387512,-0.08393298089504242,-0.13438168168067932,0.05067075788974762,heart_1084.png
-0.07355835288763046,0.14470195770263672,-0.10960253328084946,-0.092741459608078,0.08288689702749252,-0.07814204692840576,-0.10621502995491028,-0.011185094714164734,heart_650.png
-0.04579147696495056,0.14751222729682922,-0.11104860156774521,-0.1088278517127037,0.05639253184199333,-0.08611553907394409,-0.11620515584945679,0.016477275639772415,heart_211.png
-0.1667640507221222,0.2089957892894745,-0.13884952664375305,0.01892881840467453,0.18553559482097626,-0.15771484375,-0.21421507000923157,0.08792717009782791,heart_648.png
-0.014451295137405396,0.17657539248466492,-0.12987536191940308,-0.12079641968011856,0.09305339306592941,-0.10949626564979553,-0.09952998906373978,0.018243081867694855,heart_705.png
-0.13819004595279694,0.16027924418449402,-0.15310251712799072,-0.03599381446838379,0.10185074806213379,-0.08566194772720337,-0.13253355026245117,0.06877714395523071,heart_268.png
-0.0386015921831131,0.17313814163208008,-0.0877101793885231,-0.11057116091251373,0.08266367763280869,-0.1112230122089386,-0.10585831850767136,0.006823565810918808,heart_754.png
-0.03564450144767761,0.16747117042541504,-0.13448645174503326,-0.10263082385063171,0.07818559557199478,-0.09012280404567719,-0.11601202189922333,0.019389424473047256,heart_579.png
-0.0626782774925232,0.136559396982193,-0.12101469188928604,-0.11972953379154205,0.03979362174868584,-0.06164545193314552,-0.0844782143831253,0.02656487002968788,heart_933.png
-0.1181885302066803,0.1618005782365799,-0.1893407106399536,-0.02603219449520111,0.09226926416158676,-0.10651154071092606,-0.10991545021533966,0.05792185664176941,heart_748.png
-0.05810193344950676,0.12879197299480438,-0.1212550699710846,-0.1220058798789978,0.02633397839963436,-0.07753042876720428,-0.0808868333697319,-0.024063635617494583,heart_767.png
-0.10004902631044388,0.16882357001304626,-0.14596273005008698,-0.10003457218408585,0.07350790500640869,-0.09000794589519501,-0.08870867639780045,0.016478780657052994,heart_394.png
-0.0340142622590065,0.1731223613023758,-0.11703108996152878,-0.09612032026052475,0.10357921570539474,-0.061355479061603546,-0.1435466706752777,0.020527217537164688,heart_928.png
-0.04352221637964249,0.12856996059417725,-0.13717502355575562,-0.10572710633277893,0.07886762917041779,-0.08026500791311264,-0.09790048003196716,-0.0013576149940490723,heart_361.png
-0.05406555160880089,0.14274239540100098,-0.11500666290521622,-0.09660010039806366,0.04183471202850342,-0.07990598678588867,-0.0879441425204277,0.012257225811481476,heart_252.png
-0.04833604022860527,0.12224230170249939,-0.1166306734085083,-0.10920800268650055,0.0463801734149456,-0.0601324737071991,-0.09039665758609772,-0.01867719367146492,heart_1036.png
-0.09083889424800873,0.1542288213968277,-0.13814987242221832,-0.09953601658344269,0.06599882990121841,-0.07450714707374573,-0.1000770777463913,0.02705170400440693,heart_333.png
-0.09439469873905182,0.18518847227096558,-0.15849828720092773,-0.0656711682677269,0.06198619306087494,-0.05775199830532074,-0.11722637712955475,0.022020839154720306,heart_592.png
-0.05645837262272835,0.1735975295305252,-0.1049213632941246,-0.1096770390868187,0.0874423086643219,-0.10576385259628296,-0.11019167304039001,0.023547831922769547,heart_666.png
-0.08006296306848526,0.14982867240905762,-0.18698126077651978,-0.1007930189371109,0.08453281223773956,-0.10418184846639633,-0.09114769846200943,0.014851555228233337,heart_213.png
-0.042172517627477646,0.13556843996047974,-0.1002703458070755,-0.10373181104660034,0.04331977292895317,-0.061335813254117966,-0.08704553544521332,0.008771710097789764,heart_162.png
-0.10243689268827438,0.15707144141197205,-0.11287190020084381,-0.08869433403015137,0.056717224419116974,-0.06421949714422226,-0.1070161759853363,-0.006322115659713745,heart_299.png
-0.034175604581832886,0.13538450002670288,-0.10558079928159714,-0.11247250437736511,0.05030651390552521,-0.0602547824382782,-0.08794920146465302,-0.009810347110033035,heart_775.png
-0.1412707269191742,0.20096489787101746,-0.1377672255039215,-0.010822072625160217,0.1036578118801117,-0.10452461242675781,-0.16659384965896606,0.09730248153209686,heart_75.png
-0.06793633103370667,0.13943839073181152,-0.11148753762245178,-0.08826638013124466,0.07271139323711395,-0.07853955030441284,-0.0929628536105156,0.0025828853249549866,heart_200.png
-0.12536661326885223,0.2044273018836975,-0.14401915669441223,-0.05688917636871338,0.07576719671487808,-0.07438244670629501,-0.12301245331764221,0.05816686153411865,heart_699.png
-0.14534837007522583,0.1797237992286682,-0.17030109465122223,-0.014671020209789276,0.13208922743797302,-0.10377578437328339,-0.16919191181659698,0.06754624843597412,heart_1067.png
-0.07206057012081146,0.1576707661151886,-0.12612608075141907,-0.08269865810871124,0.07633873075246811,-0.08230520784854889,-0.09876111149787903,0.02057122439146042,heart_146.png
-0.13151077926158905,0.19807866215705872,-0.15862195193767548,-0.03012700378894806,0.10622118413448334,-0.09072846919298172,-0.1420438587665558,0.06416485458612442,heart_687.png
-0.08403116464614868,0.1330888271331787,-0.12769410014152527,-0.10143563151359558,0.07813459634780884,-0.07977351546287537,-0.10092896223068237,-0.018706712871789932,heart_319.png
-0.12528543174266815,0.2029714584350586,-0.16749149560928345,-0.021515734493732452,0.11180277913808823,-0.09902419149875641,-0.13992059230804443,0.08300219476222992,heart_232.png
-0.05540250986814499,0.15369001030921936,-0.09468895196914673,-0.10134115070104599,0.07138046622276306,-0.09751153737306595,-0.10571916401386261,0.014714691787958145,heart_484.png
-0.10623148828744888,0.17255941033363342,-0.1395067572593689,-0.08431117981672287,0.07268849015235901,-0.09683683514595032,-0.11505165696144104,0.027153678238391876,heart_500.png
-0.13059277832508087,0.22287487983703613,-0.17556293308734894,-0.02993737906217575,0.11358770728111267,-0.11984486877918243,-0.16254621744155884,0.07336762547492981,heart_897.png
-0.16241532564163208,0.2039516121149063,-0.1716604232788086,0.004324927926063538,0.14856861531734467,-0.12264525890350342,-0.1653212606906891,0.0853063315153122,heart_1005.png
-0.06506109237670898,0.1605842411518097,-0.11439720541238785,-0.0907711386680603,0.09147045016288757,-0.09665034711360931,-0.12219084799289703,0.03647549822926521,heart_1002.png
-0.057891570031642914,0.1599808633327484,-0.11667931079864502,-0.08512116968631744,0.11745338886976242,-0.12694242596626282,-0.10768847167491913,0.028329409658908844,heart_1094.png
-0.04705258086323738,0.14312666654586792,-0.10496946424245834,-0.12045380473136902,0.06588089466094971,-0.07592280209064484,-0.09033717215061188,-0.01588539406657219,heart_68.png
-0.04511618614196777,0.1635059118270874,-0.13765211403369904,-0.12477932870388031,0.09647081047296524,-0.0647122859954834,-0.10758405923843384,-0.018893398344516754,heart_667.png
-0.09041331708431244,0.1709011197090149,-0.15685980021953583,-0.118268683552742,0.09093029797077179,-0.061779797077178955,-0.10763205587863922,0.01904284954071045,heart_463.png
-0.12466898560523987,0.19493257999420166,-0.16651098430156708,-0.03967392444610596,0.08242544531822205,-0.10656195133924484,-0.1181497573852539,0.04560662433505058,heart_776.png
-0.07469989359378815,0.13196580111980438,-0.10933209955692291,-0.11256696283817291,0.07801362127065659,-0.08459031581878662,-0.08544321358203888,-0.0007360652089118958,heart_593.png
-0.03549274802207947,0.1576751470565796,-0.08261983096599579,-0.09611634165048599,0.07262387871742249,-0.09276999533176422,-0.11415841430425644,0.04069247841835022,heart_483.png
-0.08856143057346344,0.13693921267986298,-0.13991890847682953,-0.12658323347568512,0.060431599617004395,-0.055211275815963745,-0.06783654540777206,0.008161250501871109,heart_238.png
-0.07635312527418137,0.18073716759681702,-0.16779384016990662,-0.08243519067764282,0.09139294922351837,-0.13599340617656708,-0.09491725265979767,0.015652626752853394,heart_228.png
-0.0944712832570076,0.18766087293624878,-0.13069438934326172,-0.05849870294332504,0.1347276270389557,-0.09020021557807922,-0.13216453790664673,0.05715475231409073,heart_824.png
-0.14359217882156372,0.22928905487060547,-0.16895374655723572,0.004143066704273224,0.15883871912956238,-0.1282324492931366,-0.20387041568756104,0.05660045146942139,heart_847.png
-0.05250313878059387,0.12501248717308044,-0.11716247349977493,-0.12843355536460876,0.027568869292736053,-0.05102336406707764,-0.07890985161066055,-0.025901570916175842,heart_58.png
-0.04248490929603577,0.14600922167301178,-0.10341664403676987,-0.10385812073945999,0.06027322635054588,-0.06607725471258163,-0.10090678185224533,0.01891351118683815,heart_602.png
-0.09788151830434799,0.1641445904970169,-0.1288701444864273,-0.08660200238227844,0.060468606650829315,-0.059975504875183105,-0.10811789333820343,0.01199258491396904,heart_175.png
-0.0545632503926754,0.13108201324939728,-0.0899239033460617,-0.10285286605358124,0.07014799118041992,-0.048469178378582,-0.07611820101737976,0.009258009493350983,heart_1086.png
-0.08070503175258636,0.14713424444198608,-0.13326799869537354,-0.13082309067249298,0.0587940439581871,-0.07543214410543442,-0.07068976759910583,-0.005524292588233948,heart_717.png
-0.04004672169685364,0.19211900234222412,-0.12028440833091736,-0.10269953310489655,0.07082615792751312,-0.09017124772071838,-0.12520211935043335,0.03356124460697174,heart_790.png
-0.11801834404468536,0.15050901472568512,-0.15338937938213348,-0.055656928569078445,0.08811129629611969,-0.08170430362224579,-0.1325804591178894,0.06073120981454849,heart_1152.png
-0.16006410121917725,0.16639506816864014,-0.16896116733551025,0.012181960046291351,0.14435462653636932,-0.11672346293926239,-0.18321412801742554,0.05624820291996002,heart_378.png
-0.06310087442398071,0.13072875142097473,-0.13582557439804077,-0.127157062292099,0.08110353350639343,-0.059373412281274796,-0.07455314695835114,-0.01396401971578598,heart_742.png
-0.1009286642074585,0.15960252285003662,-0.15433229506015778,-0.04964311420917511,0.12862423062324524,-0.1275179386138916,-0.14441794157028198,0.05101946368813515,heart_874.png
-0.06418009847402573,0.17279575765132904,-0.10216745734214783,-0.08700284361839294,0.13333643972873688,-0.10978967696428299,-0.12015563249588013,0.05843401700258255,heart_1172.png
-0.07295078039169312,0.17130818963050842,-0.11066488921642303,-0.07322041690349579,0.06713540852069855,-0.08846653997898102,-0.11118511855602264,0.05270787328481674,heart_827.png
-0.08466344326734543,0.15207204222679138,-0.15437127649784088,-0.1358368694782257,0.10107319802045822,-0.08897139877080917,-0.10757305473089218,0.007107354700565338,heart_1001.png
-0.04380889609456062,0.1590406596660614,-0.12393367290496826,-0.11099172383546829,0.07681828737258911,-0.09343905746936798,-0.10949434340000153,0.014506489038467407,heart_472.png
-0.11548953503370285,0.17288321256637573,-0.1417679637670517,-0.0415344163775444,0.09826121479272842,-0.0750153660774231,-0.12206654250621796,0.047904789447784424,heart_893.png
-0.03893312066793442,0.16112977266311646,-0.11002574861049652,-0.10603972524404526,0.0546892024576664,-0.08095654845237732,-0.13090302050113678,0.02558751031756401,heart_866.png
-0.06884630024433136,0.1813783347606659,-0.09824983775615692,-0.12146874517202377,0.09325926750898361,-0.08763954043388367,-0.1264767050743103,0.02189989760518074,heart_1060.png
-0.07893317192792892,0.17001023888587952,-0.13259293138980865,-0.10012181103229523,0.1029558777809143,-0.09572000056505203,-0.11765485256910324,0.009860232472419739,heart_291.png
-0.08526811748743057,0.15593993663787842,-0.11877407878637314,-0.041549500077962875,0.13153702020645142,-0.09432697296142578,-0.1701388955116272,0.04402090981602669,heart_982.png
-0.09997047483921051,0.16207122802734375,-0.1495800018310547,-0.1053498312830925,0.07556695491075516,-0.08640255033969879,-0.10988415032625198,0.010538481175899506,heart_529.png
-0.029474668204784393,0.16966810822486877,-0.13325656950473785,-0.09257016330957413,0.08903371542692184,-0.10350655764341354,-0.0934707522392273,0.01699807494878769,heart_927.png
-0.1521902084350586,0.21896687150001526,-0.15266281366348267,0.016733959317207336,0.16052915155887604,-0.129081591963768,-0.19630858302116394,0.08845512568950653,heart_736.png
-0.049909502267837524,0.14169222116470337,-0.1352086365222931,-0.11830496788024902,0.0378996916115284,-0.0777617022395134,-0.08347135782241821,-0.002451550215482712,heart_339.png
-0.14991414546966553,0.1953793466091156,-0.17031049728393555,-0.028359830379486084,0.18777728080749512,-0.1360785812139511,-0.22551196813583374,0.06271436810493469,heart_1136.png
-0.09768720716238022,0.1613081693649292,-0.1318623274564743,-0.10481759905815125,0.07303935289382935,-0.07560299336910248,-0.07611073553562164,0.02379969321191311,heart_798.png
-0.060111016035079956,0.210269495844841,-0.12284167110919952,-0.10660472512245178,0.13686475157737732,-0.09859499335289001,-0.16747798025608063,0.04554559290409088,heart_1130.png
-0.13989146053791046,0.19920065999031067,-0.17760829627513885,-0.006430290639400482,0.1420464664697647,-0.10812556743621826,-0.18529397249221802,0.10784536600112915,heart_246.png
-0.07336550951004028,0.11976434290409088,-0.10765984654426575,-0.07631314545869827,0.07522093504667282,-0.06451685726642609,-0.08107045292854309,0.02491094172000885,heart_1042.png
-0.05002667382359505,0.1309451162815094,-0.11275231093168259,-0.11427456885576248,0.07253548502922058,-0.044957421720027924,-0.079664446413517,0.003595266491174698,heart_828.png
-0.042953409254550934,0.19762733578681946,-0.10605605691671371,-0.09297723323106766,0.10656353831291199,-0.10764797776937485,-0.13763923943042755,0.026647724211215973,heart_469.png
-0.13800272345542908,0.16943460702896118,-0.1501983255147934,-0.05125080794095993,0.09353016316890717,-0.08596430718898773,-0.13013894855976105,0.05419435352087021,heart_692.png
-0.09211429953575134,0.15460604429244995,-0.1480097621679306,-0.1121765524148941,0.07549921423196793,-0.09214544296264648,-0.09681457281112671,0.038751740008592606,heart_416.png
-0.044159308075904846,0.15258902311325073,-0.11945191025733948,-0.14187026023864746,0.0529705248773098,-0.07321389019489288,-0.07976914942264557,-0.011823751032352448,heart_98.png
-0.10324272513389587,0.1619725525379181,-0.16506832838058472,-0.09386704117059708,0.0934688001871109,-0.08853103220462799,-0.11689803004264832,0.01410849392414093,heart_360.png
-0.04806235060095787,0.1558726280927658,-0.11555903404951096,-0.10054554045200348,0.07591547071933746,-0.07895924150943756,-0.10295756906270981,0.013107504695653915,heart_85.png
-0.1331832855939865,0.20635926723480225,-0.1411646455526352,-0.007359050214290619,0.11974762380123138,-0.12123008072376251,-0.1552964150905609,0.0635402724146843,heart_1199.png
-0.10559982061386108,0.145307719707489,-0.1214180514216423,-0.11222673952579498,0.0571671687066555,-0.07719925791025162,-0.11205723881721497,-0.00907978042960167,heart_369.png
-0.041676461696624756,0.13333049416542053,-0.12233372032642365,-0.09414021670818329,0.03041211888194084,-0.08442951738834381,-0.07684355229139328,0.004121251404285431,heart_1050.png
-0.07232216745615005,0.1520494520664215,-0.1477886438369751,-0.12857148051261902,0.052793391048908234,-0.06473136693239212,-0.09483020007610321,0.0025724507868289948,heart_910.png
-0.09897314012050629,0.16148528456687927,-0.14925335347652435,-0.04919132590293884,0.09613481163978577,-0.0869784951210022,-0.1775534301996231,0.060974471271038055,heart_1161.png
-0.11181998997926712,0.15841400623321533,-0.16730526089668274,-0.0992375835776329,0.06453382968902588,-0.07007100433111191,-0.1022699773311615,0.0341789536178112,heart_135.png
-0.044252146035432816,0.11757423728704453,-0.09302596747875214,-0.1260366141796112,0.04643843322992325,-0.05763831362128258,-0.07086557894945145,-0.02416982129216194,heart_763.png
-0.06308615207672119,0.1498071700334549,-0.10414215922355652,-0.0798930749297142,0.07490278780460358,-0.06888923048973083,-0.11662796139717102,0.013770468533039093,heart_349.png
-0.036596886813640594,0.15564635396003723,-0.09932895004749298,-0.08072967827320099,0.10941292345523834,-0.08315528929233551,-0.13527445495128632,0.02819797396659851,heart_182.png
-0.06330922991037369,0.1444963812828064,-0.1245618462562561,-0.09182572364807129,0.09862992912530899,-0.07175445556640625,-0.11670537292957306,0.0032232701778411865,heart_577.png
-0.13401278853416443,0.16131655871868134,-0.14073903858661652,-0.050530120730400085,0.09800122678279877,-0.07649245858192444,-0.11789236962795258,0.06093079224228859,heart_172.png
-0.11880356073379517,0.15440985560417175,-0.14970515668392181,-0.07366578280925751,0.06315705180168152,-0.06769397109746933,-0.10346467792987823,0.06139161437749863,heart_426.png
-0.1110600084066391,0.1613783985376358,-0.137139230966568,-0.07752200961112976,0.05247422307729721,-0.05803926661610603,-0.11463123559951782,0.0334806889295578,heart_112.png
-0.14423580467700958,0.2310905158519745,-0.1780269742012024,-0.010969340801239014,0.16952820122241974,-0.13264629244804382,-0.18757618963718414,0.0823449045419693,heart_882.png
-0.09821134805679321,0.14340288937091827,-0.17145849764347076,-0.0822560265660286,0.10748591274023056,-0.1086367666721344,-0.10086275637149811,0.019697126001119614,heart_35.png
-0.06736093759536743,0.1371675729751587,-0.1191134825348854,-0.09958633780479431,0.08746476471424103,-0.07544133067131042,-0.0922735184431076,0.020911529660224915,heart_1093.png
-0.15086345374584198,0.22229456901550293,-0.14552946388721466,0.012683607637882233,0.17804205417633057,-0.1402747929096222,-0.18937623500823975,0.06051288917660713,heart_623.png
-0.10248678922653198,0.15604712069034576,-0.15479347109794617,-0.07273028045892715,0.08531812578439713,-0.05516819655895233,-0.13419689238071442,0.015332868322730064,heart_74.png
-0.13774989545345306,0.18772843480110168,-0.16564109921455383,-0.016720909625291824,0.1431625783443451,-0.08833514899015427,-0.17134785652160645,0.06845538318157196,heart_497.png
-0.06042569875717163,0.1272931545972824,-0.10755564272403717,-0.11990159004926682,0.050386592745780945,-0.060141731053590775,-0.07093039155006409,-0.01720266044139862,heart_4.png
-0.11207371205091476,0.15723860263824463,-0.13529787957668304,-0.07185307145118713,0.08285596966743469,-0.051141224801540375,-0.10788373649120331,0.035587772727012634,heart_1142.png
-0.12866152822971344,0.18204084038734436,-0.1680985689163208,-0.018255751579999924,0.1277104765176773,-0.09195950627326965,-0.16159775853157043,0.07230274379253387,heart_766.png
-0.03908143565058708,0.13560806214809418,-0.12108457833528519,-0.09389723837375641,0.0752376914024353,-0.0733114704489708,-0.0782734751701355,0.003974519670009613,heart_962.png
-0.042558453977108,0.13767603039741516,-0.10066084563732147,-0.11930962651968002,0.058564990758895874,-0.057326506823301315,-0.08840617537498474,-0.012052793055772781,heart_704.png
-0.13823439180850983,0.19714707136154175,-0.19274592399597168,-0.005939126014709473,0.14848482608795166,-0.13363586366176605,-0.17468899488449097,0.10434718430042267,heart_271.png
-0.055818110704422,0.13812461495399475,-0.12241742759943008,-0.1123647391796112,0.06203897297382355,-0.06757757067680359,-0.0769195556640625,-0.002583850175142288,heart_87.png
-0.05040760338306427,0.12686434388160706,-0.11592128872871399,-0.11293616890907288,0.03530263900756836,-0.08093002438545227,-0.08409395813941956,0.006449047476053238,heart_3.png
-0.03353878855705261,0.15327560901641846,-0.10506907850503922,-0.11045455932617188,0.08725409209728241,-0.09725308418273926,-0.12166323512792587,0.015016790479421616,heart_171.png
-0.055579815059900284,0.14215964078903198,-0.11428916454315186,-0.13573572039604187,0.046313829720020294,-0.0576615110039711,-0.09550535678863525,-0.018326763063669205,heart_973.png
-0.12380479276180267,0.16416361927986145,-0.1443125456571579,-0.052442580461502075,0.10058490931987762,-0.09104783833026886,-0.12119781970977783,0.04816117137670517,heart_518.png
-0.11538439989089966,0.19665667414665222,-0.1661769449710846,-0.022288531064987183,0.09363909065723419,-0.09673355519771576,-0.1646280288696289,0.07130426913499832,heart_956.png
-0.08114312589168549,0.18522317707538605,-0.17581039667129517,-0.06680583953857422,0.08444445580244064,-0.14081420004367828,-0.12766088545322418,0.04804159328341484,heart_538.png
-0.08155923336744308,0.18036875128746033,-0.15075062215328217,-0.10365436971187592,0.074801966547966,-0.08257885277271271,-0.11561696976423264,0.014754291623830795,heart_292.png
-0.1347600668668747,0.1854911595582962,-0.16559404134750366,-0.02032436430454254,0.12875591218471527,-0.1160254254937172,-0.15961351990699768,0.0741702988743782,heart_945.png
-0.07735928893089294,0.13778091967105865,-0.12688660621643066,-0.1145697608590126,0.056865911930799484,-0.07506045699119568,-0.08938676118850708,-0.013074193149805069,heart_447.png
-0.044016823172569275,0.1501876413822174,-0.1131422147154808,-0.11801955848932266,0.06904730200767517,-0.09888172149658203,-0.10388024151325226,0.021738193929195404,heart_46.png
-0.07167037576436996,0.13828052580356598,-0.11231271177530289,-0.0644308552145958,0.0960475355386734,-0.06378668546676636,-0.1095818355679512,0.021115105599164963,heart_12.png
-0.09101196378469467,0.16850459575653076,-0.15063786506652832,-0.09381818026304245,0.10171254724264145,-0.07640296965837479,-0.09322737902402878,0.03924153372645378,heart_116.png
-0.03417740762233734,0.19058361649513245,-0.11543752998113632,-0.07098691165447235,0.1375691145658493,-0.09512681514024734,-0.14723539352416992,0.05231451988220215,heart_726.png
-0.045409224927425385,0.1807921826839447,-0.09976167976856232,-0.11382841318845749,0.05125405639410019,-0.09865989536046982,-0.11858732998371124,0.028105925768613815,heart_1125.png
-0.11069085448980331,0.1695171594619751,-0.1484403908252716,-0.08157133311033249,0.11409413814544678,-0.09258592873811722,-0.10810557007789612,0.03499142825603485,heart_788.png
-0.09001616388559341,0.14303231239318848,-0.10554221272468567,-0.07397032529115677,0.09175878763198853,-0.09228405356407166,-0.09882576763629913,0.04257683828473091,heart_989.png
-0.12510614097118378,0.16377019882202148,-0.1592063158750534,-0.05113476514816284,0.10926365852355957,-0.09787817299365997,-0.12645846605300903,0.06400330364704132,heart_761.png
-0.09469810873270035,0.20044541358947754,-0.1462201029062271,-0.06471738964319229,0.09636372327804565,-0.08773122727870941,-0.14847011864185333,0.043767038732767105,heart_696.png
-0.04357616603374481,0.16458463668823242,-0.09557454288005829,-0.10995679348707199,0.0783160999417305,-0.07137176394462585,-0.08538191020488739,0.02594739943742752,heart_916.png
-0.11608003824949265,0.1562700867652893,-0.18851222097873688,-0.026092343032360077,0.10869308561086655,-0.12217608094215393,-0.1268167793750763,0.03235827758908272,heart_353.png
-0.05950707197189331,0.13311463594436646,-0.1104283481836319,-0.11714282631874084,0.03442550450563431,-0.0697421133518219,-0.08128722012042999,-0.002270527184009552,heart_1192.png
-0.10418269783258438,0.15668073296546936,-0.1304098516702652,-0.06252147257328033,0.07835093885660172,-0.0898742601275444,-0.08422066271305084,0.01771535351872444,heart_468.png
-0.04086638614535332,0.15492725372314453,-0.1364368498325348,-0.11096259951591492,0.06507732719182968,-0.08693761378526688,-0.10776623338460922,-0.009158652275800705,heart_107.png
-0.08717721700668335,0.1468368023633957,-0.13178367912769318,-0.10679379105567932,0.06500735133886337,-0.05240795761346817,-0.09207747876644135,0.0014076270163059235,heart_405.png
-0.10108926892280579,0.15901179611682892,-0.17800363898277283,-0.08935204148292542,0.07005823403596878,-0.10027718544006348,-0.11662052571773529,0.007786095142364502,heart_70.png
-0.052596502006053925,0.17030125856399536,-0.12457291036844254,-0.11993962526321411,0.09257581830024719,-0.08023031055927277,-0.1123514324426651,0.0038836970925331116,heart_312.png
-0.031199228018522263,0.13312259316444397,-0.11901036649942398,-0.11823571473360062,0.04604733735322952,-0.0672859326004982,-0.08758199959993362,-0.010594174265861511,heart_206.png
-0.05318295210599899,0.1602874994277954,-0.13829141855239868,-0.11301371455192566,0.1085517406463623,-0.04649503529071808,-0.1020144671201706,-0.0073830485343933105,heart_914.png
-0.03893546760082245,0.16348275542259216,-0.09696906059980392,-0.13029809296131134,0.10079934448003769,-0.0681837871670723,-0.12568965554237366,-0.023480981588363647,heart_541.png
-0.09294024109840393,0.12596715986728668,-0.11949046701192856,-0.1285315454006195,0.04603695496916771,-0.06708984822034836,-0.06122685968875885,-0.0070342980325222015,heart_96.png
-0.09554591774940491,0.1508363038301468,-0.1332751363515854,-0.0702735185623169,0.07956618070602417,-0.05627172440290451,-0.10364983230829239,0.052305709570646286,heart_91.png
-0.12823912501335144,0.19480270147323608,-0.19141212105751038,-0.010496184229850769,0.16371271014213562,-0.1159384697675705,-0.17635293304920197,0.05174852907657623,heart_967.png
-0.09351001679897308,0.14100754261016846,-0.12874945998191833,-0.11909735202789307,0.04678495600819588,-0.07550647854804993,-0.07372912019491196,0.013968359678983688,heart_1080.png
-0.11672505736351013,0.15035051107406616,-0.12561245262622833,-0.06897109001874924,0.06084243208169937,-0.0606340616941452,-0.11127304285764694,0.05148914456367493,heart_437.png
-0.056699931621551514,0.16042935848236084,-0.11716175824403763,-0.0893544852733612,0.07458534836769104,-0.09931986033916473,-0.12279601395130157,0.017688456922769547,heart_73.png
-0.04805603623390198,0.15533584356307983,-0.07875241339206696,-0.08418834209442139,0.0744047537446022,-0.09921473264694214,-0.11926285922527313,0.03265904635190964,heart_630.png
-0.07514764368534088,0.16484180092811584,-0.11009493470191956,-0.07962042093276978,0.12432992458343506,-0.09605620056390762,-0.15297742187976837,-0.010477162897586823,heart_34.png
-0.08119484782218933,0.16245394945144653,-0.1125955730676651,-0.11231908202171326,0.08327963203191757,-0.06688438355922699,-0.106257863342762,-0.010212630033493042,heart_780.png
-0.10607375204563141,0.1447162628173828,-0.1378283053636551,-0.11776018887758255,0.06947273015975952,-0.06668618321418762,-0.08492841571569443,0.02168498933315277,heart_1012.png
-0.08570344001054764,0.19766494631767273,-0.1206672415137291,-0.07238932698965073,0.11253873258829117,-0.11386232078075409,-0.14002101123332977,0.04967077076435089,heart_930.png
-0.1344282627105713,0.21130210161209106,-0.14315131306648254,-0.033411748707294464,0.11420978605747223,-0.10971789062023163,-0.16535881161689758,0.07449366897344589,heart_1185.png
-0.09673759341239929,0.14711833000183105,-0.13680967688560486,-0.12193156778812408,0.059100475162267685,-0.05895395576953888,-0.09797238558530807,-0.007859323173761368,heart_443.png
-0.10915186256170273,0.15402063727378845,-0.11131100356578827,-0.07265721261501312,0.07929182052612305,-0.0656542181968689,-0.1153884083032608,-0.007977534085512161,heart_372.png
-0.043422553688287735,0.13340061902999878,-0.12496841698884964,-0.12359653413295746,0.054120615124702454,-0.09518641233444214,-0.08633068948984146,0.0011638104915618896,heart_875.png
-0.01660865917801857,0.11028105020523071,-0.10116534680128098,-0.10673650354146957,0.09552765637636185,-0.055402278900146484,-0.10011424124240875,-0.010499238967895508,heart_519.png
-0.04027184844017029,0.1639961153268814,-0.09315016865730286,-0.09714686870574951,0.06367793679237366,-0.07844634354114532,-0.08362454175949097,0.009306728839874268,heart_670.png
-0.1311950981616974,0.14521628618240356,-0.11975345015525818,-0.058809034526348114,0.086478590965271,-0.07559362053871155,-0.11719770729541779,0.050159163773059845,heart_121.png
-0.13487125933170319,0.17774131894111633,-0.18624146282672882,-0.024994365870952606,0.14379525184631348,-0.1210344061255455,-0.14657972753047943,0.08487649261951447,heart_859.png
-0.0837155431509018,0.16265961527824402,-0.12662771344184875,-0.12962408363819122,0.06959342211484909,-0.09504778683185577,-0.11554060131311417,0.024745691567659378,heart_321.png
-0.03428158909082413,0.16810107231140137,-0.09831152111291885,-0.10145363211631775,0.11435116827487946,-0.10536530613899231,-0.12436611950397491,0.004909917712211609,heart_864.png
-0.10954741388559341,0.18305183947086334,-0.1650579422712326,-0.047302596271038055,0.12017649412155151,-0.10809926688671112,-0.15219298005104065,0.06534643471240997,heart_861.png
-0.09974990785121918,0.16919046640396118,-0.17727451026439667,-0.0826478973031044,0.08419401943683624,-0.09938354790210724,-0.09688983857631683,0.03358202427625656,heart_5.png
-0.1238921582698822,0.19292081892490387,-0.15479059517383575,-0.03881368041038513,0.12282437086105347,-0.10115312039852142,-0.16197097301483154,0.051207415759563446,heart_354.png
-0.14774729311466217,0.19214171171188354,-0.17287833988666534,0.006675712764263153,0.14263896644115448,-0.1335955709218979,-0.17740419507026672,0.07362210750579834,heart_425.png
-0.045513562858104706,0.16806936264038086,-0.09704869985580444,-0.08284275233745575,0.07926224172115326,-0.09609079360961914,-0.1163678839802742,0.047276727855205536,heart_1195.png
-0.10171305388212204,0.15097294747829437,-0.12766267359256744,-0.10745178163051605,0.054002419114112854,-0.05214774236083031,-0.11086108535528183,-0.010707035660743713,heart_120.png
-0.11092458665370941,0.15970027446746826,-0.1399553269147873,-0.07624837756156921,0.0842808187007904,-0.09349162131547928,-0.1212652251124382,0.060665104538202286,heart_29.png
-0.03663349151611328,0.14052648842334747,-0.13247628509998322,-0.1023145318031311,0.05236523970961571,-0.06413666158914566,-0.08393485844135284,-0.002809714525938034,heart_218.png
-0.10367083549499512,0.1640813946723938,-0.14993597567081451,-0.07163339853286743,0.11873244494199753,-0.11984948813915253,-0.12682543694972992,0.023223847150802612,heart_370.png
-0.11165851354598999,0.1955377459526062,-0.2024514079093933,-0.018091313540935516,0.14556071162223816,-0.11814415454864502,-0.1443132609128952,0.0809425488114357,heart_768.png
-0.11257125437259674,0.14627939462661743,-0.16197477281093597,-0.08936790376901627,0.12103042006492615,-0.09254835546016693,-0.08801750838756561,0.01857393980026245,heart_390.png
-0.0363776832818985,0.1322675496339798,-0.10686478763818741,-0.09526199847459793,0.06450243294239044,-0.062408655881881714,-0.09836934506893158,-0.01484992727637291,heart_224.png
-0.08573690056800842,0.1379392445087433,-0.1384895294904709,-0.1152430921792984,0.06920471042394638,-0.06143239513039589,-0.09161602705717087,0.0036920905113220215,heart_173.png
-0.12866325676441193,0.20361481606960297,-0.1879761517047882,-0.0040540918707847595,0.1286812722682953,-0.12038148194551468,-0.15999995172023773,0.07569361478090286,heart_359.png
-0.12205341458320618,0.20578743517398834,-0.15881472826004028,-0.0611104741692543,0.11020112037658691,-0.10498981177806854,-0.14276178181171417,0.056196436285972595,heart_552.png
-0.12686438858509064,0.1661667674779892,-0.15759757161140442,-0.03801879286766052,0.12846097350120544,-0.09915390610694885,-0.13726721704006195,0.06730778515338898,heart_677.png
-0.030421100556850433,0.13416039943695068,-0.11191144585609436,-0.11404959112405777,0.05941269174218178,-0.0890866070985794,-0.08392632007598877,0.026986613869667053,heart_446.png
-0.1067221611738205,0.1399591565132141,-0.13346771895885468,-0.07558166235685349,0.05176585167646408,-0.056645363569259644,-0.10753413289785385,0.03318827226758003,heart_350.png
-0.10109151899814606,0.13218042254447937,-0.12283430993556976,-0.07986734062433243,0.04223042353987694,-0.0629454255104065,-0.10338795930147171,0.01748432219028473,heart_1023.png
-0.03076290711760521,0.11972575634717941,-0.09319263696670532,-0.10999669134616852,0.05547762289643288,-0.05025065317749977,-0.07258978486061096,-0.005932055413722992,heart_485.png
-0.13796165585517883,0.187893807888031,-0.16255514323711395,-0.0009638294577598572,0.13563644886016846,-0.11151795834302902,-0.17818503081798553,0.0883011445403099,heart_122.png
-0.12278793007135391,0.13237819075584412,-0.1570996195077896,-0.08216659724712372,0.11931868642568588,-0.09272751212120056,-0.09105144441127777,0.013289954513311386,heart_562.png
-0.06198733299970627,0.17643654346466064,-0.09065466374158859,-0.09969779849052429,0.09759435057640076,-0.08696621656417847,-0.12772604823112488,-0.001042000949382782,heart_161.png
-0.11841387301683426,0.17547227442264557,-0.16896064579486847,-0.0594843253493309,0.11774101853370667,-0.13186976313591003,-0.10501758754253387,0.04551295191049576,heart_545.png
-0.16084425151348114,0.20967034995555878,-0.19898295402526855,-0.0008694082498550415,0.16706866025924683,-0.1241639032959938,-0.17333540320396423,0.0909496396780014,heart_48.png
-0.09814345091581345,0.16009968519210815,-0.15016953647136688,-0.11106282472610474,0.06323428452014923,-0.07585174590349197,-0.10089418292045593,0.021473081782460213,heart_1191.png
-0.026671908795833588,0.12376329302787781,-0.0994558036327362,-0.13049262762069702,0.061577606946229935,-0.05377020686864853,-0.0935538187623024,-0.01476823166012764,heart_520.png
-0.0916624367237091,0.18428823351860046,-0.13766886293888092,-0.10874301195144653,0.06389065831899643,-0.09693281352519989,-0.1283387988805771,0.039492279291152954,heart_1030.png
-0.11345123499631882,0.14618125557899475,-0.13371789455413818,-0.06044454872608185,0.07172812521457672,-0.0557899996638298,-0.1090744361281395,0.01776169240474701,heart_399.png
-0.10006263107061386,0.18194951117038727,-0.1471758931875229,-0.08027203381061554,0.09637404978275299,-0.10943078994750977,-0.12356572598218918,0.047622062265872955,heart_607.png
-0.10961730778217316,0.14587277173995972,-0.11741124838590622,-0.06375051289796829,0.08754763007164001,-0.0580579899251461,-0.11090432852506638,0.027721373364329338,heart_1074.png
-0.09364896267652512,0.19941216707229614,-0.16630643606185913,-0.07971224933862686,0.09398725628852844,-0.09424269944429398,-0.15046164393424988,0.03862832114100456,heart_803.png
-0.08277349919080734,0.14183342456817627,-0.11546454578638077,-0.11976975202560425,0.03837098181247711,-0.060062751173973083,-0.06480732560157776,0.030197162181138992,heart_992.png
-0.0915539413690567,0.14005976915359497,-0.1235962063074112,-0.13099399209022522,0.026471439749002457,-0.04381647706031799,-0.07726935297250748,-0.00013456493616104126,heart_191.png
-0.04247082769870758,0.17244598269462585,-0.139888197183609,-0.09894479811191559,0.12132340669631958,-0.11337220668792725,-0.12820272147655487,0.01633240282535553,heart_907.png
-0.06008635461330414,0.13689622282981873,-0.1315843015909195,-0.10950136929750443,0.10165552794933319,-0.06900906562805176,-0.09829466044902802,0.016176775097846985,heart_810.png
-0.07208345085382462,0.1885286569595337,-0.1586296707391739,-0.08701762557029724,0.11521286517381668,-0.0751631036400795,-0.14596214890480042,0.04524267464876175,heart_516.png
-0.09623942524194717,0.17559996247291565,-0.13920606672763824,-0.05280184745788574,0.13119317591190338,-0.1330786943435669,-0.12955313920974731,0.012892849743366241,heart_143.png
-0.08677476644515991,0.14999321103096008,-0.13309581577777863,-0.10708876699209213,0.06936417520046234,-0.05191520228981972,-0.10180439054965973,0.0010271891951560974,heart_496.png
-0.04684086889028549,0.1596957892179489,-0.1290227621793747,-0.09727293252944946,0.12339437007904053,-0.08188970386981964,-0.12843911349773407,-0.02758564054965973,heart_202.png
-0.1593768149614334,0.21962225437164307,-0.1818324625492096,0.004370607435703278,0.17175357043743134,-0.14091821014881134,-0.19727018475532532,0.0935538038611412,heart_963.png
-0.14602351188659668,0.1770634651184082,-0.17443467676639557,-0.033729732036590576,0.14142149686813354,-0.10417000949382782,-0.15477904677391052,0.05861961841583252,heart_293.png
-0.05359082669019699,0.16389614343643188,-0.0951540619134903,-0.07949572801589966,0.12452641129493713,-0.1124720573425293,-0.1170559823513031,0.017080198973417282,heart_1019.png
-0.10043875873088837,0.1537904441356659,-0.14458079636096954,-0.12130376696586609,0.08827555924654007,-0.08708905428647995,-0.11637404561042786,0.017908185720443726,heart_617.png
-0.11454951018095016,0.17414288222789764,-0.13499154150485992,-0.05415375158190727,0.10608380287885666,-0.07339829206466675,-0.11380042135715485,0.06447625160217285,heart_1110.png
-0.10657016187906265,0.1654251515865326,-0.12348563969135284,-0.05772952362895012,0.06781618297100067,-0.04746063053607941,-0.11983663588762283,0.027073485776782036,heart_1100.png
-0.046970613300800323,0.15385641157627106,-0.11881350725889206,-0.0883181169629097,0.09332729130983353,-0.07872843742370605,-0.14103099703788757,0.01857459545135498,heart_773.png
-0.010973423719406128,0.18431565165519714,-0.10920146107673645,-0.0970420390367508,0.09717415273189545,-0.09485112130641937,-0.09590619057416916,0.022650491446256638,heart_355.png
-0.08490440994501114,0.19009387493133545,-0.12207360565662384,-0.11016730964183807,0.06924621760845184,-0.08878821134567261,-0.11721473932266235,0.02157745137810707,heart_195.png
-0.06505663692951202,0.13300268352031708,-0.08519178628921509,-0.11618567258119583,0.08117136359214783,-0.08996426314115524,-0.09339666366577148,0.023914925754070282,heart_464.png
-0.08065406233072281,0.14828898012638092,-0.1181437224149704,-0.02405492216348648,0.16238033771514893,-0.1472206562757492,-0.15569373965263367,0.027862384915351868,heart_400.png
-0.07985420525074005,0.2181750237941742,-0.16991138458251953,-0.04339708387851715,0.1020679920911789,-0.09821499139070511,-0.12797610461711884,0.0525226965546608,heart_240.png
-0.10091698169708252,0.17456789314746857,-0.1192127987742424,-0.062256693840026855,0.1289881467819214,-0.09613072872161865,-0.12549179792404175,0.03657269477844238,heart_237.png
-0.045051224529743195,0.13176915049552917,-0.10586348921060562,-0.11245740205049515,0.05255783721804619,-0.0624886080622673,-0.08006012439727783,0.008113399147987366,heart_985.png
-0.028704561293125153,0.13948962092399597,-0.11087571829557419,-0.11625946313142776,0.06643768399953842,-0.06063583493232727,-0.07804659008979797,0.007961947470903397,heart_698.png
-0.05390708148479462,0.18827971816062927,-0.1130186915397644,-0.07623507082462311,0.12034036219120026,-0.11164169013500214,-0.14642539620399475,0.07071118801832199,heart_1128.png
-0.07826348394155502,0.1660720407962799,-0.14443032443523407,-0.07402128726243973,0.10365943610668182,-0.09982611238956451,-0.10929457098245621,0.07821226119995117,heart_158.png
-0.09618448466062546,0.1746746301651001,-0.15399625897407532,-0.09650018811225891,0.09090474247932434,-0.08943773806095123,-0.1138930469751358,0.016268279403448105,heart_1011.png
-0.07805675268173218,0.16177231073379517,-0.12307585775852203,-0.11489787697792053,0.0717758983373642,-0.06901945918798447,-0.1093401163816452,0.0032177679240703583,heart_302.png
-0.07965313643217087,0.21338164806365967,-0.17008337378501892,-0.020937472581863403,0.10972892493009567,-0.10575033724308014,-0.18781155347824097,0.07180239260196686,heart_414.png
-0.055047206580638885,0.1665281057357788,-0.125213623046875,-0.08281727135181427,0.08806458115577698,-0.10074097663164139,-0.1333765685558319,-0.0002975761890411377,heart_1041.png
-0.11965430527925491,0.1478273868560791,-0.1373470574617386,-0.10665532201528549,0.06358299404382706,-0.08813197165727615,-0.07900983095169067,0.0070891231298446655,heart_1065.png
-0.1709628403186798,0.19791872799396515,-0.15077079832553864,0.0073204487562179565,0.1468980610370636,-0.10926233232021332,-0.18459810316562653,0.08996604382991791,heart_373.png
-0.062459323555231094,0.14855480194091797,-0.13874194025993347,-0.11146806925535202,0.08595620095729828,-0.1043834239244461,-0.11155718564987183,0.0030634403228759766,heart_512.png
-0.043722908943891525,0.14081229269504547,-0.12082591652870178,-0.10650218278169632,0.07730726897716522,-0.0777590274810791,-0.07758723199367523,0.011418584734201431,heart_314.png
