h0,h1,h2,h3,h4,h5,h6,h7,img_filename
-0.4036126136779785,0.11567836254835129,-0.42449790239334106,0.40570515394210815,0.26808011531829834,-0.2958584427833557,0.17812542617321014,-0.27026697993278503,heart_679.png
-0.3316047489643097,0.06172781437635422,-0.396742045879364,0.37464141845703125,0.19542920589447021,-0.2119493931531906,0.16035354137420654,-0.2477312684059143,heart_331.png
-0.30115967988967896,0.024881817400455475,-0.3376002907752991,0.3822074830532074,0.19114837050437927,-0.19753959774971008,0.17054757475852966,-0.253720760345459,heart_214.png
-0.3518063426017761,0.06766268610954285,-0.40122509002685547,0.3920159339904785,0.20661550760269165,-0.2299395650625229,0.15768969058990479,-0.27964088320732117,heart_326.png
-0.4211123287677765,0.11705176532268524,-0.47882020473480225,0.44284653663635254,0.3048204183578491,-0.34489917755126953,0.20065735280513763,-0.3174878656864166,heart_481.png
-0.37966829538345337,0.09484190493822098,-0.4799220561981201,0.45227426290512085,0.2926487922668457,-0.2647559642791748,0.21117042005062103,-0.3232330083847046,heart_395.png
-0.3071254789829254,0.05079866200685501,-0.34791070222854614,0.3720654845237732,0.2227468192577362,-0.22837749123573303,0.14567765593528748,-0.23310774564743042,heart_697.png
-0.39294201135635376,0.060893330723047256,-0.43254995346069336,0.42197364568710327,0.31577634811401367,-0.31590569019317627,0.19107003509998322,-0.3052210509777069,heart_567.png
-0.3644994795322418,0.04724816977977753,-0.40540051460266113,0.4071962833404541,0.2517499327659607,-0.29104748368263245,0.1937922090291977,-0.2811274230480194,heart_721.png
-0.3884081244468689,0.11112143099308014,-0.41153454780578613,0.39763766527175903,0.2506740987300873,-0.2747402489185333,0.16501842439174652,-0.23558178544044495,heart_1022.png
-0.3733062744140625,0.06917952001094818,-0.4267706871032715,0.3790181875228882,0.23686325550079346,-0.24802109599113464,0.19201429188251495,-0.32096073031425476,heart_181.png
-0.3617320656776428,0.09347344934940338,-0.3870921730995178,0.3981848955154419,0.210347980260849,-0.24270594120025635,0.13841795921325684,-0.1874188482761383,heart_600.png
-0.3155110478401184,0.08069964498281479,-0.3695583939552307,0.39861035346984863,0.23013970255851746,-0.21175238490104675,0.1720719039440155,-0.2530127465724945,heart_903.png
-0.35104551911354065,0.05792205035686493,-0.3615037202835083,0.38402068614959717,0.19479697942733765,-0.21326498687267303,0.15003539621829987,-0.17731863260269165,heart_658.png
-0.4167865812778473,0.12081936746835709,-0.43374210596084595,0.4358494281768799,0.2848339080810547,-0.3013560175895691,0.20873340964317322,-0.2651894986629486,heart_1008.png
-0.3882009983062744,0.06638241559267044,-0.4361090660095215,0.4417523145675659,0.25143083930015564,-0.24341143667697906,0.19787409901618958,-0.31139835715293884,heart_960.png
-0.40828821063041687,0.10579259693622589,-0.47906258702278137,0.46495652198791504,0.2873256802558899,-0.324724018573761,0.2136741429567337,-0.36359554529190063,heart_831.png
-0.33479756116867065,0.07565274834632874,-0.3749416470527649,0.43355512619018555,0.2429843544960022,-0.23859724402427673,0.1566331684589386,-0.28090953826904297,heart_819.png
-0.3770673871040344,0.12040861696004868,-0.41523659229278564,0.41538727283477783,0.23995770514011383,-0.2997773587703705,0.16417591273784637,-0.19194994866847992,heart_1089.png
-0.3045767545700073,0.04792719706892967,-0.36618608236312866,0.3842741847038269,0.18798775970935822,-0.17938470840454102,0.13714288175106049,-0.2131195366382599,heart_235.png
-0.31915387511253357,0.06669899821281433,-0.39164087176322937,0.3705509901046753,0.19425876438617706,-0.2300749123096466,0.15913282334804535,-0.21600326895713806,heart_889.png
-0.4370279908180237,0.1430806815624237,-0.5275030732154846,0.49720120429992676,0.34760379791259766,-0.31335991621017456,0.24982081353664398,-0.39568617939949036,heart_850.png
-0.33261704444885254,0.05666548013687134,-0.37334513664245605,0.38365739583969116,0.20981131494045258,-0.20335456728935242,0.14687973260879517,-0.21435953676700592,heart_347.png
-0.4047970175743103,0.11758219450712204,-0.4730679988861084,0.44020870327949524,0.3125130534172058,-0.31989651918411255,0.2021959275007248,-0.29542940855026245,heart_190.png
-0.3616602420806885,0.06669700145721436,-0.39865735173225403,0.3950079083442688,0.19707944989204407,-0.28017476201057434,0.17168743908405304,-0.2067219614982605,heart_849.png
-0.384738564491272,0.09593510627746582,-0.4848901629447937,0.5013150572776794,0.34050649404525757,-0.3920433521270752,0.2087874412536621,-0.3350401818752289,heart_1064.png
-0.4021032452583313,0.14649012684822083,-0.47249746322631836,0.4423201382160187,0.2969335913658142,-0.29218778014183044,0.17097261548042297,-0.26396751403808594,heart_352.png
-0.3504256308078766,0.06414840370416641,-0.37504714727401733,0.3733171224594116,0.2023855447769165,-0.2411598265171051,0.14613819122314453,-0.15455129742622375,heart_1165.png
-0.33597880601882935,0.05607052147388458,-0.40402817726135254,0.4214354157447815,0.1985618770122528,-0.2569890022277832,0.16418667137622833,-0.20225077867507935,heart_590.png
-0.3465113043785095,0.062490418553352356,-0.3934096395969391,0.3610077500343323,0.24548856914043427,-0.2503686547279358,0.14721308648586273,-0.25983917713165283,heart_1054.png
-0.42716237902641296,0.11967305094003677,-0.49555617570877075,0.46795815229415894,0.33435091376304626,-0.32130545377731323,0.22656922042369843,-0.3321692943572998,heart_424.png
-0.4210968017578125,0.14996519684791565,-0.5166996717453003,0.5050538778305054,0.370982825756073,-0.33676236867904663,0.2252579629421234,-0.39401766657829285,heart_884.png
-0.33971214294433594,0.07670532912015915,-0.369634747505188,0.4063815474510193,0.19753076136112213,-0.22095751762390137,0.13970565795898438,-0.17641466856002808,heart_932.png
-0.3477562665939331,0.05132037401199341,-0.382926881313324,0.36930036544799805,0.21736277639865875,-0.2152421474456787,0.14874081313610077,-0.22383375465869904,heart_856.png
-0.3499748706817627,0.0902281329035759,-0.4063833951950073,0.4049645662307739,0.21753518283367157,-0.27188241481781006,0.15714478492736816,-0.2208310067653656,heart_1181.png
-0.39702707529067993,0.118213951587677,-0.42297983169555664,0.41460007429122925,0.26131123304367065,-0.28027310967445374,0.1786174327135086,-0.20385941863059998,heart_1186.png
-0.3489878177642822,0.08174559473991394,-0.3800904452800751,0.359167218208313,0.23659493029117584,-0.22669923305511475,0.17221097648143768,-0.21155992150306702,heart_1188.png
-0.36383211612701416,0.07255852967500687,-0.3965379595756531,0.38654306530952454,0.24277707934379578,-0.29661276936531067,0.16281113028526306,-0.21673528850078583,heart_84.png
-0.3737778067588806,0.0973954126238823,-0.3961153030395508,0.38917553424835205,0.23276706039905548,-0.274898499250412,0.15449410676956177,-0.19437283277511597,heart_1070.png
-0.3877609372138977,0.08140077441930771,-0.4392677843570709,0.41207587718963623,0.26105886697769165,-0.2936548590660095,0.1920054405927658,-0.2644753158092499,heart_72.png
-0.35332775115966797,0.08001295477151871,-0.40770989656448364,0.38407379388809204,0.211033433675766,-0.24176214635372162,0.14970335364341736,-0.25652438402175903,heart_10.png
-0.4150400757789612,0.1074591875076294,-0.46224719285964966,0.44612735509872437,0.29343706369400024,-0.3244097828865051,0.19681710004806519,-0.3201092481613159,heart_260.png
-0.37445637583732605,0.08899644017219543,-0.4118883013725281,0.36583012342453003,0.24441403150558472,-0.25893157720565796,0.1723652333021164,-0.2561264932155609,heart_258.png
-0.4462432563304901,0.11699801683425903,-0.4694949984550476,0.44863662123680115,0.3130735754966736,-0.35497838258743286,0.20989440381526947,-0.3229423761367798,heart_160.png
-0.4516000747680664,0.11513202637434006,-0.4927557706832886,0.4642380475997925,0.3445362150669098,-0.31619328260421753,0.2610129117965698,-0.3726240396499634,heart_42.png
-0.40978747606277466,0.09164659678936005,-0.4854181408882141,0.45640742778778076,0.3420223891735077,-0.3030868172645569,0.2556411027908325,-0.3194597065448761,heart_757.png
-0.36155951023101807,0.0921110138297081,-0.3933497667312622,0.3513791561126709,0.262938529253006,-0.2627420425415039,0.16681258380413055,-0.2566566467285156,heart_712.png
-0.3432464301586151,0.05227827653288841,-0.3735683560371399,0.36665937304496765,0.22372888028621674,-0.2257976233959198,0.13571515679359436,-0.18699905276298523,heart_1097.png
-0.38733983039855957,0.08788829296827316,-0.3897456228733063,0.37139570713043213,0.24978215992450714,-0.2735666036605835,0.1682131290435791,-0.18352371454238892,heart_298.png
-0.3593014180660248,0.07844536006450653,-0.40073588490486145,0.3999040722846985,0.20291224122047424,-0.2655830383300781,0.17046067118644714,-0.204557865858078,heart_808.png
-0.34009850025177,0.07027683407068253,-0.40238863229751587,0.3771602511405945,0.2099054753780365,-0.2535593509674072,0.17347559332847595,-0.23110049962997437,heart_1141.png
-0.3490968346595764,0.05875498428940773,-0.3807610869407654,0.35460275411605835,0.22157733142375946,-0.24444517493247986,0.15326650440692902,-0.16062717139720917,heart_931.png
-0.317745566368103,0.05394827947020531,-0.3404623866081238,0.3927573561668396,0.23357313871383667,-0.20903128385543823,0.16201192140579224,-0.20504650473594666,heart_1010.png
-0.3755437731742859,0.047266967594623566,-0.39712244272232056,0.4317416548728943,0.2649988532066345,-0.28455671668052673,0.18969391286373138,-0.23281127214431763,heart_138.png
-0.3771800100803375,0.07973410189151764,-0.39893200993537903,0.39296823740005493,0.2269836962223053,-0.2481989562511444,0.18372343480587006,-0.19532135128974915,heart_1026.png
-0.402492493391037,0.07723540812730789,-0.4434019923210144,0.42983895540237427,0.25329726934432983,-0.27335476875305176,0.18986472487449646,-0.33921849727630615,heart_972.png
-0.383480429649353,0.12431440502405167,-0.43181031942367554,0.3991342782974243,0.25157758593559265,-0.2727273106575012,0.18247395753860474,-0.24231207370758057,heart_404.png
-0.430191308259964,0.11756105720996857,-0.4895896911621094,0.47575873136520386,0.30787158012390137,-0.31913942098617554,0.23940911889076233,-0.34586089849472046,heart_186.png
-0.35646411776542664,0.07523899525403976,-0.3802999258041382,0.3883326053619385,0.20315904915332794,-0.258312463760376,0.16667696833610535,-0.19190208613872528,heart_289.png
-0.36908310651779175,0.06186693161725998,-0.39149564504623413,0.3731008768081665,0.2314746379852295,-0.25144341588020325,0.1568050980567932,-0.17619961500167847,heart_470.png
-0.389186829328537,0.1014930009841919,-0.40356022119522095,0.3891216516494751,0.22780059278011322,-0.26564857363700867,0.16348430514335632,-0.28402045369148254,heart_1169.png
-0.3919803500175476,0.1073051244020462,-0.3809107542037964,0.4221724271774292,0.23872584104537964,-0.2510488033294678,0.13282954692840576,-0.16989681124687195,heart_9.png
-0.40514469146728516,0.06943165510892868,-0.43526798486709595,0.46955740451812744,0.3143696188926697,-0.3183848559856415,0.2025899589061737,-0.3314664661884308,heart_832.png
-0.3881245255470276,0.043257132172584534,-0.4306374192237854,0.4575325846672058,0.2691223919391632,-0.31593695282936096,0.2128976732492447,-0.2986370325088501,heart_1177.png
-0.362487256526947,0.08485990762710571,-0.4032636880874634,0.38721269369125366,0.21745631098747253,-0.25087636709213257,0.18134750425815582,-0.2107548713684082,heart_668.png
-0.393738329410553,0.08321195840835571,-0.4643417000770569,0.4232792854309082,0.25899410247802734,-0.29671168327331543,0.1615733504295349,-0.2926088571548462,heart_664.png
-0.356833815574646,0.0486062690615654,-0.37972593307495117,0.3702612519264221,0.23268911242485046,-0.2275393158197403,0.1666567027568817,-0.13893835246562958,heart_965.png
-0.34539443254470825,0.04587565362453461,-0.4088711440563202,0.3884619474411011,0.2513681650161743,-0.24889788031578064,0.18819953501224518,-0.3212563693523407,heart_733.png
-0.353793740272522,0.07748304307460785,-0.371431440114975,0.38502979278564453,0.22756390273571014,-0.2616925835609436,0.14277668297290802,-0.18304356932640076,heart_816.png
-0.32929277420043945,0.04204661399126053,-0.38390690088272095,0.350117951631546,0.2484583854675293,-0.2308642864227295,0.15045703947544098,-0.20545561611652374,heart_276.png
-0.3281688094139099,0.03779389709234238,-0.35741907358169556,0.35601818561553955,0.22624140977859497,-0.21899068355560303,0.14848200976848602,-0.20554324984550476,heart_943.png
-0.3780490458011627,0.08289122581481934,-0.4372238516807556,0.405739426612854,0.2388514280319214,-0.2688567638397217,0.19708594679832458,-0.3213343620300293,heart_855.png
-0.36580073833465576,0.06337432563304901,-0.4343072175979614,0.4216485619544983,0.20942455530166626,-0.2784292995929718,0.1708516925573349,-0.18492966890335083,heart_993.png
-0.35845789313316345,0.09286461770534515,-0.4150182604789734,0.3813530206680298,0.21983058750629425,-0.24701371788978577,0.15872958302497864,-0.2536185383796692,heart_633.png
-0.3663803040981293,0.072250135242939,-0.3863775432109833,0.36579686403274536,0.23511381447315216,-0.28222566843032837,0.17613548040390015,-0.27848803997039795,heart_649.png
-0.36444157361984253,0.05343785509467125,-0.3649860620498657,0.3620411157608032,0.24723872542381287,-0.24715913832187653,0.17171655595302582,-0.2424861043691635,heart_1109.png
-0.37857335805892944,0.0808909609913826,-0.38643375039100647,0.40569689869880676,0.22800865769386292,-0.2656093239784241,0.14275144040584564,-0.16666987538337708,heart_1006.png
-0.369184672832489,0.08001604676246643,-0.4322574734687805,0.401915043592453,0.24769887328147888,-0.2584192752838135,0.15127530694007874,-0.23157566785812378,heart_1193.png
-0.3534700870513916,0.07562056928873062,-0.36561256647109985,0.3726012408733368,0.22982321679592133,-0.23997561633586884,0.16977927088737488,-0.19286437332630157,heart_1159.png
-0.3840867877006531,0.09740209579467773,-0.43869128823280334,0.40685567259788513,0.2582707703113556,-0.29211434721946716,0.1876745969057083,-0.2743935286998749,heart_266.png
-0.35630643367767334,0.08701111376285553,-0.420246422290802,0.4306454062461853,0.2827588617801666,-0.33976733684539795,0.2009107917547226,-0.26695236563682556,heart_1156.png
-0.427338570356369,0.08577295392751694,-0.464089959859848,0.46448004245758057,0.3036019206047058,-0.3355382978916168,0.21431732177734375,-0.3174299895763397,heart_905.png
-0.40499168634414673,0.07934525609016418,-0.4872141182422638,0.4638618230819702,0.3003440201282501,-0.31569546461105347,0.20520183444023132,-0.3702753484249115,heart_586.png
-0.3973556160926819,0.1123913899064064,-0.4480333924293518,0.40877097845077515,0.2795112729072571,-0.2948247194290161,0.201243594288826,-0.273551881313324,heart_703.png
-0.3454363942146301,0.051001936197280884,-0.3606584966182709,0.3666799068450928,0.23926155269145966,-0.24607419967651367,0.16901473701000214,-0.23073862493038177,heart_201.png
-0.34322023391723633,0.07297903299331665,-0.38382208347320557,0.36426854133605957,0.20433661341667175,-0.24771973490715027,0.15998336672782898,-0.3069479465484619,heart_530.png
-0.3975113332271576,0.0664968267083168,-0.4448104500770569,0.460062712430954,0.2824617922306061,-0.31585776805877686,0.22903503477573395,-0.2925025522708893,heart_1020.png
-0.39354783296585083,0.1291152536869049,-0.4616319239139557,0.4378298819065094,0.28003156185150146,-0.3159332871437073,0.19118981063365936,-0.25479748845100403,heart_613.png
-0.37611621618270874,0.07727724313735962,-0.38840317726135254,0.3773055374622345,0.23381969332695007,-0.26067885756492615,0.14020830392837524,-0.16942012310028076,heart_2.png
-0.38150814175605774,0.11100981384515762,-0.39123597741127014,0.38469135761260986,0.24565565586090088,-0.2872070074081421,0.15036676824092865,-0.1891649067401886,heart_1003.png
-0.35307109355926514,0.08238378167152405,-0.3780687749385834,0.3967316150665283,0.20477931201457977,-0.24134498834609985,0.13237646222114563,-0.1724555343389511,heart_67.png
-0.3560001850128174,0.06174483895301819,-0.42941445112228394,0.4050767421722412,0.27100643515586853,-0.2526991069316864,0.2011420577764511,-0.3375908434391022,heart_598.png
-0.3746723532676697,0.07970799505710602,-0.3930622637271881,0.3907308578491211,0.22978143393993378,-0.2717891037464142,0.17392593622207642,-0.18994733691215515,heart_215.png
-0.32287776470184326,0.051162783056497574,-0.3786579370498657,0.36179137229919434,0.2276008278131485,-0.22555455565452576,0.15473748743534088,-0.2481524646282196,heart_622.png
-0.4166104793548584,0.10332049429416656,-0.47604304552078247,0.44812291860580444,0.2650585174560547,-0.28626686334609985,0.20606353878974915,-0.33500754833221436,heart_635.png
-0.3605648875236511,0.05665569752454758,-0.3805999159812927,0.3620477318763733,0.20840805768966675,-0.2495827078819275,0.17533908784389496,-0.20139338076114655,heart_249.png
-0.3458752930164337,0.06900009512901306,-0.3735805153846741,0.3960348069667816,0.2304317057132721,-0.25082024931907654,0.19877570867538452,-0.19474148750305176,heart_1170.png
-0.35164350271224976,0.04842355474829674,-0.3623124063014984,0.35716167092323303,0.23281477391719818,-0.23230761289596558,0.15177805721759796,-0.18721404671669006,heart_743.png
-0.4143208861351013,0.06365889310836792,-0.49496525526046753,0.44743436574935913,0.3280537724494934,-0.32928502559661865,0.2034986913204193,-0.33601945638656616,heart_559.png
-0.3931337594985962,0.10836073011159897,-0.42501795291900635,0.43444937467575073,0.26041990518569946,-0.31174805760383606,0.19522614777088165,-0.22118836641311646,heart_83.png
-0.3606594502925873,0.04888498783111572,-0.41972267627716064,0.46320122480392456,0.2879195809364319,-0.3030676543712616,0.1941244900226593,-0.26495763659477234,heart_285.png
-0.3659588098526001,0.06821335107088089,-0.40479540824890137,0.398237943649292,0.21527892351150513,-0.2410578429698944,0.16775214672088623,-0.2049514800310135,heart_180.png
-0.36982250213623047,0.08739462494850159,-0.43487846851348877,0.3834700584411621,0.24416926503181458,-0.24486905336380005,0.18513034284114838,-0.30431845784187317,heart_303.png
-0.39732784032821655,0.05009981244802475,-0.4604679346084595,0.4218081831932068,0.30158108472824097,-0.3266071081161499,0.23809891939163208,-0.29979604482650757,heart_680.png
-0.33006101846694946,0.06056743487715721,-0.3850158154964447,0.3830091953277588,0.20945581793785095,-0.2551802694797516,0.15716180205345154,-0.22498470544815063,heart_569.png
-0.35570165514945984,0.05964513123035431,-0.3979586362838745,0.4135316014289856,0.21427832543849945,-0.2450176328420639,0.17439904808998108,-0.28046002984046936,heart_676.png
-0.3497854769229889,0.040519922971725464,-0.35790103673934937,0.373806357383728,0.2065146118402481,-0.22670826315879822,0.15414710342884064,-0.20223426818847656,heart_49.png
-0.373626172542572,0.08044955134391785,-0.39431989192962646,0.3869000971317291,0.2244586944580078,-0.2408130168914795,0.14211495220661163,-0.16566535830497742,heart_986.png
-0.37102171778678894,0.08956430852413177,-0.4624463617801666,0.4792534410953522,0.3082279562950134,-0.31206029653549194,0.2402677834033966,-0.2661949396133423,heart_1197.png
-0.36741191148757935,0.07182398438453674,-0.44250988960266113,0.4225082993507385,0.26582759618759155,-0.3087496757507324,0.18129073083400726,-0.24363355338573456,heart_796.png
-0.4189469814300537,0.11209635436534882,-0.4432235360145569,0.4299275875091553,0.3330809772014618,-0.35114800930023193,0.20595026016235352,-0.306435227394104,heart_36.png
-0.3741840124130249,0.08628053218126297,-0.4163355827331543,0.41261619329452515,0.2165839523077011,-0.2686196267604828,0.17483220994472504,-0.18907514214515686,heart_185.png
-0.35384511947631836,0.10139140486717224,-0.39518973231315613,0.41688528656959534,0.20379750430583954,-0.2529922425746918,0.16493207216262817,-0.20789027214050293,heart_805.png
-0.3820514976978302,0.10817497968673706,-0.42541512846946716,0.4180759787559509,0.25822192430496216,-0.2927745580673218,0.15324385464191437,-0.2392023503780365,heart_851.png
-0.3366207778453827,0.04913070425391197,-0.3802025318145752,0.36866486072540283,0.21052537858486176,-0.2043314427137375,0.13620272278785706,-0.22394075989723206,heart_230.png
-0.3880177438259125,0.03983847051858902,-0.4493281841278076,0.4477789103984833,0.2967567443847656,-0.29805028438568115,0.22515839338302612,-0.2936006188392639,heart_678.png
-0.3679041564464569,0.07461336255073547,-0.38474005460739136,0.3880493938922882,0.22710351645946503,-0.2512389123439789,0.17426009476184845,-0.2094159722328186,heart_1108.png
-0.33170321583747864,0.051934998482465744,-0.37291139364242554,0.3643623888492584,0.2156427502632141,-0.24257224798202515,0.147254079580307,-0.18798530101776123,heart_653.png
-0.357157826423645,0.0852203518152237,-0.3977169990539551,0.38008570671081543,0.2406134009361267,-0.25556206703186035,0.14786884188652039,-0.2307114601135254,heart_406.png
-0.3515341579914093,0.07844138145446777,-0.3926917314529419,0.396747350692749,0.18429496884346008,-0.25881296396255493,0.16998912394046783,-0.20164449512958527,heart_817.png
-0.35351020097732544,0.0600605309009552,-0.3687763512134552,0.36572062969207764,0.2304796576499939,-0.22887226939201355,0.1367318332195282,-0.16006994247436523,heart_645.png
-0.34672683477401733,0.07426995038986206,-0.37723642587661743,0.3811115026473999,0.20234116911888123,-0.2530289590358734,0.18433067202568054,-0.18576884269714355,heart_311.png
-0.3957532048225403,0.12315882742404938,-0.40912723541259766,0.41427889466285706,0.2545601725578308,-0.27537116408348083,0.16481350362300873,-0.22670921683311462,heart_988.png
-0.35478830337524414,0.08655067533254623,-0.37791767716407776,0.3859100937843323,0.22047868371009827,-0.2400227189064026,0.1316174864768982,-0.16797026991844177,heart_471.png
-0.34637200832366943,0.06252718716859818,-0.41714709997177124,0.4301694929599762,0.23709642887115479,-0.2149781584739685,0.16315585374832153,-0.3159342408180237,heart_165.png
-0.3732270300388336,0.08562541007995605,-0.386802077293396,0.40371498465538025,0.24539686739444733,-0.25333863496780396,0.17799115180969238,-0.2019260823726654,heart_915.png
-0.39310187101364136,0.10300489515066147,-0.3971564471721649,0.38860994577407837,0.2313503623008728,-0.28785985708236694,0.15714357793331146,-0.20600664615631104,heart_862.png
-0.31875497102737427,0.06353002786636353,-0.3933056592941284,0.3966594934463501,0.19809001684188843,-0.19827575981616974,0.17918027937412262,-0.28632959723472595,heart_92.png
-0.3509635925292969,0.07765570282936096,-0.4422760605812073,0.42178958654403687,0.27119770646095276,-0.2388516217470169,0.18444697558879852,-0.30285030603408813,heart_511.png
-0.42023026943206787,0.11886365711688995,-0.45787352323532104,0.45564162731170654,0.29855453968048096,-0.254615843296051,0.206852987408638,-0.3145732879638672,heart_342.png
-0.3697625398635864,0.07432530075311661,-0.37135565280914307,0.35966217517852783,0.2303071916103363,-0.22682921588420868,0.14777976274490356,-0.16237112879753113,heart_655.png
-0.3503277897834778,0.07115790247917175,-0.4239976406097412,0.39480096101760864,0.2302226424217224,-0.27021217346191406,0.16230615973472595,-0.2648511230945587,heart_838.png
-0.3511662483215332,0.040603987872600555,-0.36941707134246826,0.35066038370132446,0.21039573848247528,-0.21979278326034546,0.163106307387352,-0.1951448768377304,heart_536.png
-0.3349052667617798,0.04903339594602585,-0.37152498960494995,0.37014472484588623,0.24043354392051697,-0.22238993644714355,0.15884914994239807,-0.20380541682243347,heart_669.png
-0.42418479919433594,0.10462479293346405,-0.468813955783844,0.41164886951446533,0.3036647439002991,-0.2889421582221985,0.20528829097747803,-0.28693193197250366,heart_251.png
-0.3661843538284302,0.0879376083612442,-0.3703615069389343,0.3642962872982025,0.2076052725315094,-0.22813832759857178,0.14334437251091003,-0.17687588930130005,heart_510.png
-0.35130858421325684,0.07780344039201736,-0.38900208473205566,0.4029462933540344,0.21309766173362732,-0.2673351466655731,0.12017810344696045,-0.19281086325645447,heart_385.png
-0.3837764859199524,0.05082470551133156,-0.41234976053237915,0.4287344217300415,0.2387644648551941,-0.2913881242275238,0.21658971905708313,-0.2814517319202423,heart_421.png
-0.36789238452911377,0.10418060421943665,-0.4175289273262024,0.42113178968429565,0.23320040106773376,-0.2875938415527344,0.1680634319782257,-0.19284874200820923,heart_694.png
-0.3265916705131531,0.05253825709223747,-0.400213360786438,0.4033421277999878,0.20899981260299683,-0.2533191442489624,0.18075808882713318,-0.304618239402771,heart_1149.png
-0.3387843668460846,0.06608721613883972,-0.37249279022216797,0.3529818654060364,0.226174995303154,-0.2468699812889099,0.15533232688903809,-0.18476510047912598,heart_762.png
-0.4477687180042267,0.157717764377594,-0.5184095501899719,0.45309683680534363,0.34383851289749146,-0.3347938656806946,0.2078753560781479,-0.30354923009872437,heart_371.png
-0.33832913637161255,0.08671216666698456,-0.39606142044067383,0.3836795687675476,0.22746162116527557,-0.24136674404144287,0.1639677733182907,-0.21123114228248596,heart_661.png
-0.4201185703277588,0.10676491260528564,-0.47035956382751465,0.465572714805603,0.3090059161186218,-0.3295781910419464,0.20176474750041962,-0.3420168161392212,heart_26.png
-0.3639123737812042,0.12474123388528824,-0.48581719398498535,0.4693179726600647,0.30660971999168396,-0.2893011271953583,0.21098889410495758,-0.33768197894096375,heart_194.png
-0.3515230715274811,0.04961990937590599,-0.361751914024353,0.35955771803855896,0.23358950018882751,-0.2120751589536667,0.16154608130455017,-0.22540459036827087,heart_909.png
-0.4145510494709015,0.10272635519504547,-0.4590359032154083,0.41869157552719116,0.29008761048316956,-0.3317888379096985,0.19834113121032715,-0.3063410520553589,heart_1114.png
-0.3660297989845276,0.01883118599653244,-0.4486151337623596,0.42624837160110474,0.28472352027893066,-0.2902872860431671,0.22655603289604187,-0.2893272936344147,heart_1092.png
-0.41224008798599243,0.12908965349197388,-0.4758806824684143,0.4515034854412079,0.31148526072502136,-0.31039753556251526,0.20595984160900116,-0.32327958941459656,heart_192.png
-0.3492705821990967,0.05663808062672615,-0.39859312772750854,0.4381139278411865,0.2886972427368164,-0.29811155796051025,0.17574967443943024,-0.2884833514690399,heart_1016.png
-0.3884979486465454,0.08887030184268951,-0.43068939447402954,0.3815724849700928,0.2932804822921753,-0.30966562032699585,0.18388240039348602,-0.2282777577638626,heart_934.png
-0.44786378741264343,0.10394406318664551,-0.5444886088371277,0.4616108536720276,0.3212030529975891,-0.29793232679367065,0.2125854790210724,-0.349453330039978,heart_1091.png
-0.3883567452430725,0.09206229448318481,-0.38529837131500244,0.40495890378952026,0.2551150918006897,-0.29569169878959656,0.18898813426494598,-0.2237274944782257,heart_744.png
-0.327810674905777,0.04181976616382599,-0.3582659959793091,0.38182902336120605,0.22451205551624298,-0.21719953417778015,0.12768104672431946,-0.27629798650741577,heart_178.png
-0.358620285987854,0.07994533330202103,-0.3570326566696167,0.37046247720718384,0.2058829367160797,-0.2432635873556137,0.13092416524887085,-0.16694678366184235,heart_1123.png
-0.36602556705474854,0.09536334127187729,-0.3747309744358063,0.3992960751056671,0.24234308302402496,-0.2324068248271942,0.14324478805065155,-0.2102440595626831,heart_432.png
-0.3364928364753723,0.03949256241321564,-0.38823461532592773,0.380395770072937,0.2311609834432602,-0.26590457558631897,0.1653461456298828,-0.2995113432407379,heart_280.png
-0.35865068435668945,0.0806584358215332,-0.37953105568885803,0.36380329728126526,0.24327713251113892,-0.2704905569553375,0.14947612583637238,-0.17949992418289185,heart_873.png
-0.35382014513015747,0.044700488448143005,-0.3505723476409912,0.356682151556015,0.2080506533384323,-0.20692291855812073,0.15845535695552826,-0.1497470885515213,heart_820.png
-0.3946465253829956,0.08719602227210999,-0.4495231509208679,0.40117698907852173,0.2921571135520935,-0.3311944305896759,0.1882043331861496,-0.2633275091648102,heart_340.png
-0.361472487449646,0.031988658010959625,-0.41646885871887207,0.3951817750930786,0.24104803800582886,-0.266715407371521,0.17360445857048035,-0.270497590303421,heart_555.png
-0.3670538067817688,0.05946219712495804,-0.42335861921310425,0.4098759889602661,0.237102210521698,-0.26059582829475403,0.18487070500850677,-0.2897263765335083,heart_80.png
-0.35549789667129517,0.04365364834666252,-0.385010302066803,0.4041181802749634,0.1883653998374939,-0.261687308549881,0.16667230427265167,-0.21914023160934448,heart_297.png
-0.33615580201148987,0.07029110193252563,-0.410089910030365,0.3974023163318634,0.20205369591712952,-0.24952827394008636,0.14973080158233643,-0.27046653628349304,heart_307.png
-0.3686370849609375,0.08686348795890808,-0.3969849944114685,0.40466463565826416,0.21086804568767548,-0.2584936022758484,0.15260277688503265,-0.18906262516975403,heart_716.png
-0.3877401351928711,0.11224345862865448,-0.39335018396377563,0.39456403255462646,0.2399982213973999,-0.2712383270263672,0.15352138876914978,-0.2249605804681778,heart_95.png
-0.3366733193397522,0.059338852763175964,-0.38133829832077026,0.39506781101226807,0.21071627736091614,-0.22349360585212708,0.15601477026939392,-0.27572107315063477,heart_64.png
-0.3367033004760742,0.05275273695588112,-0.38722366094589233,0.38741058111190796,0.23743468523025513,-0.2029457986354828,0.1431834101676941,-0.27610695362091064,heart_533.png
-0.36345937848091125,0.09190692752599716,-0.39287644624710083,0.38403356075286865,0.23080644011497498,-0.2682296633720398,0.1504887193441391,-0.18481773138046265,heart_38.png
-0.39045700430870056,0.1201852560043335,-0.4069356918334961,0.39944541454315186,0.25013267993927,-0.29019755125045776,0.1619114875793457,-0.2091560810804367,heart_255.png
-0.3674876093864441,0.08237016946077347,-0.39097800850868225,0.38186246156692505,0.26138031482696533,-0.2627326250076294,0.1685969978570938,-0.2048126608133316,heart_39.png
-0.3822166323661804,0.0849941223859787,-0.47668975591659546,0.4168925881385803,0.31131020188331604,-0.33237525820732117,0.21242079138755798,-0.3519991636276245,heart_119.png
-0.3361501693725586,0.03266483172774315,-0.40219569206237793,0.3506234884262085,0.21813617646694183,-0.23310863971710205,0.1478351354598999,-0.27383506298065186,heart_1071.png
-0.38607650995254517,0.08066076040267944,-0.42378073930740356,0.4076746702194214,0.24646371603012085,-0.26496556401252747,0.16036374866962433,-0.22450974583625793,heart_594.png
-0.35147637128829956,0.06589806079864502,-0.4052441418170929,0.3684364855289459,0.20930072665214539,-0.25229114294052124,0.16880056262016296,-0.20517504215240479,heart_335.png
-0.4140331447124481,0.13309624791145325,-0.45143991708755493,0.41933977603912354,0.2881000339984894,-0.2889963388442993,0.18147993087768555,-0.2508629858493805,heart_375.png
-0.37004250288009644,0.0932120755314827,-0.4041609764099121,0.4308609962463379,0.22489970922470093,-0.2466202676296234,0.1503525972366333,-0.19093650579452515,heart_56.png
-0.42226359248161316,0.13565626740455627,-0.4384385943412781,0.41850048303604126,0.30683374404907227,-0.29743850231170654,0.20002512633800507,-0.23662027716636658,heart_1084.png
-0.3741450309753418,0.07824226468801498,-0.39783746004104614,0.4102996289730072,0.19709746539592743,-0.25199541449546814,0.17887334525585175,-0.18662983179092407,heart_650.png
-0.30572277307510376,0.03672294691205025,-0.36347025632858276,0.3947678208351135,0.24319861829280853,-0.20250682532787323,0.14417923986911774,-0.25881361961364746,heart_211.png
-0.4528712034225464,0.14630621671676636,-0.5287538170814514,0.47947442531585693,0.36989694833755493,-0.3552449345588684,0.2535017728805542,-0.3742227852344513,heart_648.png
-0.31213754415512085,0.06794244050979614,-0.3618248403072357,0.37382447719573975,0.22624307870864868,-0.20895899832248688,0.12519600987434387,-0.31880080699920654,heart_705.png
-0.40774694085121155,0.11791394650936127,-0.43000203371047974,0.4345596432685852,0.3026425242424011,-0.29314959049224854,0.18042650818824768,-0.27762651443481445,heart_268.png
-0.3171094059944153,0.03532511368393898,-0.3899422287940979,0.3703267574310303,0.23490610718727112,-0.21236148476600647,0.13851779699325562,-0.28381651639938354,heart_754.png
-0.33233702182769775,0.05307525396347046,-0.3855363726615906,0.4026760458946228,0.24897345900535583,-0.25516968965530396,0.19215673208236694,-0.28039470314979553,heart_579.png
-0.37336352467536926,0.08503519743680954,-0.3588986396789551,0.3693695068359375,0.22631005942821503,-0.2622947096824646,0.15998923778533936,-0.18444186449050903,heart_933.png
-0.42071813344955444,0.1007285937666893,-0.44472819566726685,0.42276298999786377,0.28486889600753784,-0.31956934928894043,0.1845199167728424,-0.2478945553302765,heart_748.png
-0.3661344051361084,0.08738557994365692,-0.3732098937034607,0.4137246608734131,0.21378876268863678,-0.23587973415851593,0.15580785274505615,-0.17169509828090668,heart_767.png
-0.34169360995292664,0.10790421068668365,-0.3962852358818054,0.39158758521080017,0.2246113419532776,-0.25445011258125305,0.17068248987197876,-0.2347199022769928,heart_394.png
-0.36540430784225464,0.05145896598696709,-0.4006958603858948,0.4107862114906311,0.25617334246635437,-0.238279789686203,0.20016522705554962,-0.27719125151634216,heart_928.png
-0.34276461601257324,0.07002045959234238,-0.37820425629615784,0.3701135516166687,0.2201257348060608,-0.25667834281921387,0.14930091798305511,-0.20252764225006104,heart_361.png
-0.3420606553554535,0.04361388087272644,-0.35244643688201904,0.36527740955352783,0.2195756584405899,-0.21002812683582306,0.15771549940109253,-0.1998957097530365,heart_252.png
-0.349423348903656,0.06455142050981522,-0.38814184069633484,0.3652415871620178,0.27616870403289795,-0.26451510190963745,0.1470310389995575,-0.1561640202999115,heart_1036.png
-0.35366290807724,0.08594483137130737,-0.3749690651893616,0.3753403425216675,0.2312900722026825,-0.25315654277801514,0.16397696733474731,-0.21195191144943237,heart_333.png
-0.3705185651779175,0.08555184304714203,-0.44327253103256226,0.4110648036003113,0.25384825468063354,-0.25263848900794983,0.1592959761619568,-0.2550472319126129,heart_592.png
-0.33309853076934814,0.044664133340120316,-0.38586270809173584,0.39193108677864075,0.23451000452041626,-0.2442331612110138,0.1910998523235321,-0.2605014443397522,heart_666.png
-0.39022302627563477,0.05557834357023239,-0.4043028950691223,0.4170846939086914,0.2602231502532959,-0.312258780002594,0.20759913325309753,-0.2735203802585602,heart_213.png
-0.34591323137283325,0.05329737067222595,-0.36668315529823303,0.37063127756118774,0.20567955076694489,-0.24168312549591064,0.14438240230083466,-0.1602313369512558,heart_162.png
-0.3412533700466156,0.09320177137851715,-0.3929314613342285,0.3593796491622925,0.21921434998512268,-0.20660775899887085,0.15940774977207184,-0.20130866765975952,heart_299.png
-0.3428274989128113,0.057894058525562286,-0.40145546197891235,0.3612539768218994,0.2205602377653122,-0.23927156627178192,0.1441626399755478,-0.16461244225502014,heart_775.png
-0.41098251938819885,0.09143629670143127,-0.4884093105792999,0.4339553117752075,0.2565124034881592,-0.2599102258682251,0.1839449405670166,-0.3180581331253052,heart_75.png
-0.3438485264778137,0.05140029266476631,-0.3794293701648712,0.35703927278518677,0.2392132431268692,-0.23320025205612183,0.1466224491596222,-0.2089928686618805,heart_200.png
-0.3744935393333435,0.09632803499698639,-0.4462483823299408,0.4331170916557312,0.2562810778617859,-0.26671862602233887,0.17961010336875916,-0.3102074861526489,heart_699.png
-0.43216580152511597,0.1041698157787323,-0.4832008481025696,0.455094575881958,0.3073159456253052,-0.34765392541885376,0.19106364250183105,-0.3409798741340637,heart_1067.png
-0.3432774543762207,0.06269652396440506,-0.3984557092189789,0.3822881877422333,0.2112543284893036,-0.23341041803359985,0.1530286967754364,-0.2518249750137329,heart_146.png
-0.3881832957267761,0.07131320238113403,-0.4336300194263458,0.4291377663612366,0.25745463371276855,-0.30482250452041626,0.1837829053401947,-0.3366543650627136,heart_687.png
-0.35364198684692383,0.07460358738899231,-0.34384453296661377,0.37205755710601807,0.22759652137756348,-0.22722801566123962,0.14740942418575287,-0.17936405539512634,heart_319.png
-0.39313945174217224,0.10364197194576263,-0.42258188128471375,0.42240792512893677,0.2932594418525696,-0.28597119450569153,0.2153548151254654,-0.27589476108551025,heart_232.png
-0.33507394790649414,0.032727938145399094,-0.37784165143966675,0.38745343685150146,0.22393718361854553,-0.2072165608406067,0.162667915225029,-0.2734532952308655,heart_484.png
-0.34162911772727966,0.08334217965602875,-0.3971308469772339,0.40843355655670166,0.22707390785217285,-0.2688838839530945,0.18057730793952942,-0.2687176764011383,heart_500.png
-0.41904330253601074,0.0865233987569809,-0.48810240626335144,0.4248982071876526,0.25560808181762695,-0.3064640760421753,0.19277819991111755,-0.336084246635437,heart_897.png
-0.44526439905166626,0.12346629053354263,-0.46247798204421997,0.44321876764297485,0.3122237026691437,-0.32122868299484253,0.23514418303966522,-0.3249509036540985,heart_1005.png
-0.31060516834259033,0.03766752779483795,-0.3871881663799286,0.3937269449234009,0.23599010705947876,-0.20348232984542847,0.1800292581319809,-0.2562115490436554,heart_1002.png
-0.34372878074645996,0.03950408101081848,-0.3730279803276062,0.4031673073768616,0.2629142701625824,-0.24230027198791504,0.17721039056777954,-0.25814884901046753,heart_1094.png
-0.33319807052612305,0.06771492213010788,-0.3846909999847412,0.3724569082260132,0.2183629870414734,-0.241883784532547,0.13633790612220764,-0.1916239857673645,heart_68.png
-0.3506705164909363,0.07416120171546936,-0.3887941241264343,0.3988351821899414,0.23273316025733948,-0.2627120912075043,0.19379562139511108,-0.24283985793590546,heart_667.png
-0.3750151991844177,0.05803360790014267,-0.4190378189086914,0.41933828592300415,0.2496909499168396,-0.286188542842865,0.17299246788024902,-0.269803524017334,heart_463.png
-0.39433228969573975,0.13291192054748535,-0.47343909740448,0.40843987464904785,0.286391019821167,-0.2790086567401886,0.17889544367790222,-0.24960041046142578,heart_776.png
-0.3833876848220825,0.11266939342021942,-0.3989526629447937,0.4034881889820099,0.2283327877521515,-0.28583189845085144,0.15389345586299896,-0.18201154470443726,heart_593.png
-0.32794010639190674,0.045394908636808395,-0.38235175609588623,0.37294119596481323,0.227064847946167,-0.21369072794914246,0.16237673163414001,-0.2529834806919098,heart_483.png
-0.3761202096939087,0.09962201118469238,-0.395057737827301,0.36455482244491577,0.23632749915122986,-0.26512202620506287,0.14428764581680298,-0.18225061893463135,heart_238.png
-0.3603114187717438,0.06321628391742706,-0.41593313217163086,0.37995046377182007,0.23428493738174438,-0.2689862847328186,0.17890837788581848,-0.24895650148391724,heart_228.png
-0.2891445755958557,0.025518111884593964,-0.4111802875995636,0.3832155466079712,0.29150867462158203,-0.2743546962738037,0.16185161471366882,-0.349646657705307,heart_824.png
-0.444341778755188,0.1189454048871994,-0.5348448753356934,0.49303945899009705,0.36220306158065796,-0.32625991106033325,0.20936636626720428,-0.3702392578125,heart_847.png
-0.3370380997657776,0.06924201548099518,-0.3461179733276367,0.36454635858535767,0.22323116660118103,-0.19733545184135437,0.14180293679237366,-0.15232957899570465,heart_58.png
-0.33186736702919006,0.032725125551223755,-0.3765346109867096,0.37016138434410095,0.22521093487739563,-0.21919795870780945,0.15211662650108337,-0.1826358437538147,heart_602.png
-0.38199496269226074,0.09348312020301819,-0.4135477840900421,0.37445467710494995,0.2489265650510788,-0.2621484398841858,0.15967784821987152,-0.23355990648269653,heart_175.png
-0.3435601592063904,0.052860211580991745,-0.37981706857681274,0.3485044240951538,0.21178697049617767,-0.24575330317020416,0.15265491604804993,-0.17105039954185486,heart_1086.png
-0.37058916687965393,0.09309400618076324,-0.39845526218414307,0.3859604597091675,0.2411004900932312,-0.23844337463378906,0.1427478939294815,-0.1751614362001419,heart_717.png
-0.35870638489723206,0.04991045594215393,-0.42684727907180786,0.3732355833053589,0.24558070302009583,-0.2458302229642868,0.1622219681739807,-0.3715721368789673,heart_790.png
-0.3909083604812622,0.13817855715751648,-0.44465410709381104,0.4196872115135193,0.2693909704685211,-0.3060470223426819,0.16454824805259705,-0.24437782168388367,heart_1152.png
-0.4339179992675781,0.09905797243118286,-0.4851989150047302,0.4803512692451477,0.3190418481826782,-0.31882259249687195,0.22515076398849487,-0.34966206550598145,heart_378.png
-0.33601629734039307,0.08194625377655029,-0.38377705216407776,0.3737432360649109,0.18551479279994965,-0.25499099493026733,0.14805138111114502,-0.1752702295780182,heart_742.png
-0.4184034764766693,0.07706928998231888,-0.4946482181549072,0.4658970236778259,0.3365913927555084,-0.28756698966026306,0.24628980457782745,-0.30224141478538513,heart_874.png
-0.31276917457580566,0.049543336033821106,-0.3831325173377991,0.4091600775718689,0.22314698994159698,-0.20410320162773132,0.16637735068798065,-0.2928444743156433,heart_1172.png
-0.3180185556411743,0.04486929252743721,-0.41923749446868896,0.4149061441421509,0.22280925512313843,-0.22073060274124146,0.1366417109966278,-0.28171688318252563,heart_827.png
-0.3486047387123108,0.06279794126749039,-0.38853752613067627,0.41944432258605957,0.19949719309806824,-0.23832929134368896,0.15635311603546143,-0.2643885910511017,heart_1001.png
-0.3504626154899597,0.0578036867082119,-0.3904067277908325,0.39206522703170776,0.22051674127578735,-0.23772940039634705,0.16060085594654083,-0.22255182266235352,heart_472.png
-0.3772513270378113,0.09433933347463608,-0.43097513914108276,0.44416654109954834,0.2720237374305725,-0.2775215208530426,0.18580442667007446,-0.25449681282043457,heart_893.png
-0.34060782194137573,0.03192432224750519,-0.3643881678581238,0.36125558614730835,0.2130313664674759,-0.20929288864135742,0.17437252402305603,-0.2350931018590927,heart_866.png
-0.30102604627609253,0.01336183026432991,-0.4028097689151764,0.39495086669921875,0.2365623116493225,-0.21090906858444214,0.15787409245967865,-0.27826762199401855,heart_1060.png
-0.3833397328853607,0.08112061023712158,-0.4185933470726013,0.40783384442329407,0.2141227424144745,-0.25129425525665283,0.15078485012054443,-0.24914881587028503,heart_291.png
-0.38140055537223816,0.06275391578674316,-0.4744075834751129,0.4418407082557678,0.3364965319633484,-0.30689865350723267,0.24575580656528473,-0.30464041233062744,heart_982.png
-0.3781905770301819,0.1162605881690979,-0.40031903982162476,0.39511945843696594,0.24909663200378418,-0.2754010558128357,0.173095703125,-0.20759032666683197,heart_529.png
-0.3396413326263428,0.025129355490207672,-0.3683145046234131,0.3469087481498718,0.2015049159526825,-0.23283764719963074,0.18138879537582397,-0.22571134567260742,heart_927.png
-0.4368399977684021,0.15428657829761505,-0.5336911678314209,0.5023998618125916,0.3920096755027771,-0.3288392424583435,0.2685004472732544,-0.40294405817985535,heart_736.png
-0.35375285148620605,0.07140401750802994,-0.3803424835205078,0.3857353925704956,0.22426512837409973,-0.22988887131214142,0.127946674823761,-0.1567198634147644,heart_339.png
-0.44358590245246887,0.13590200245380402,-0.4652380049228668,0.49649113416671753,0.34639543294906616,-0.3351086974143982,0.24419231712818146,-0.36112165451049805,heart_1136.png
-0.38134604692459106,0.10110503435134888,-0.4001420736312866,0.38903892040252686,0.24060337245464325,-0.2923383116722107,0.17601901292800903,-0.20578280091285706,heart_798.png
-0.32156121730804443,0.05930587649345398,-0.41768622398376465,0.41821223497390747,0.2901620864868164,-0.2276296317577362,0.15086990594863892,-0.3215430676937103,heart_1130.png
-0.4442148208618164,0.11131972819566727,-0.4581865966320038,0.4639628529548645,0.31473273038864136,-0.3614470362663269,0.22630220651626587,-0.3437991738319397,heart_246.png
-0.34282904863357544,0.04969584196805954,-0.3765910863876343,0.36240828037261963,0.2212733030319214,-0.24968016147613525,0.14390170574188232,-0.21009007096290588,heart_1042.png
-0.34574055671691895,0.04003636911511421,-0.3506232798099518,0.35042643547058105,0.22448019683361053,-0.2193060666322708,0.13155889511108398,-0.1656261533498764,heart_828.png
-0.3210238814353943,0.047980405390262604,-0.40124058723449707,0.4026694893836975,0.23209834098815918,-0.22742819786071777,0.17960965633392334,-0.3038066625595093,heart_469.png
-0.3917761445045471,0.13117441534996033,-0.4397258162498474,0.4088055491447449,0.2768838703632355,-0.29560181498527527,0.17606091499328613,-0.26544272899627686,heart_692.png
-0.3453558385372162,0.0758647471666336,-0.38524311780929565,0.37561291456222534,0.1984597146511078,-0.2639307677745819,0.1603289246559143,-0.26439282298088074,heart_416.png
-0.34473419189453125,0.07556480169296265,-0.3636915683746338,0.4009314775466919,0.21508389711380005,-0.24216674268245697,0.160521000623703,-0.20565703511238098,heart_98.png
-0.3871616721153259,0.0849686786532402,-0.4460073709487915,0.42786866426467896,0.2689899802207947,-0.32084745168685913,0.18848802149295807,-0.2996365427970886,heart_360.png
-0.3519187569618225,0.06445302069187164,-0.3656705319881439,0.35901230573654175,0.23660850524902344,-0.23023506999015808,0.16342195868492126,-0.21120527386665344,heart_85.png
-0.40531083941459656,0.09828434884548187,-0.4780670404434204,0.46707409620285034,0.2999098002910614,-0.29639920592308044,0.2436634600162506,-0.37743303179740906,heart_1199.png
-0.3481261134147644,0.06625467538833618,-0.3771511912345886,0.4032113552093506,0.22164799273014069,-0.21383173763751984,0.15982547402381897,-0.23648601770401,heart_369.png
-0.35521602630615234,0.08792730420827866,-0.38359951972961426,0.389593243598938,0.20461486279964447,-0.22691144049167633,0.1353180706501007,-0.17877653241157532,heart_1050.png
-0.3480095863342285,0.0867178738117218,-0.41283082962036133,0.3878308832645416,0.20033755898475647,-0.25604119896888733,0.17268669605255127,-0.2407762110233307,heart_910.png
-0.40734121203422546,0.06837943196296692,-0.4575529098510742,0.46865755319595337,0.32124340534210205,-0.32320624589920044,0.22592756152153015,-0.3038257956504822,heart_1161.png
-0.3673294186592102,0.1045234277844429,-0.4076119661331177,0.402100533246994,0.24735194444656372,-0.2964158058166504,0.16630488634109497,-0.20833012461662292,heart_135.png
-0.3317839205265045,0.06269200891256332,-0.35840731859207153,0.3850935697555542,0.20819950103759766,-0.22274912893772125,0.1279621422290802,-0.15225273370742798,heart_763.png
-0.3710944354534149,0.06644690036773682,-0.4202909469604492,0.380073219537735,0.22879423201084137,-0.3052140474319458,0.18750809133052826,-0.1939743310213089,heart_349.png
-0.3191296458244324,0.03238965570926666,-0.37265750765800476,0.39331603050231934,0.27317750453948975,-0.24419260025024414,0.16711831092834473,-0.2952612042427063,heart_182.png
-0.36444514989852905,0.07038863003253937,-0.41330116987228394,0.4030802249908447,0.23150810599327087,-0.2955849766731262,0.1791556477546692,-0.2150977998971939,heart_577.png
-0.3984672427177429,0.12441249191761017,-0.46087443828582764,0.44995081424713135,0.2885379195213318,-0.32862502336502075,0.18900105357170105,-0.2906043827533722,heart_172.png
-0.37970003485679626,0.11363481730222702,-0.4012214243412018,0.392822265625,0.2555299699306488,-0.271572470664978,0.15511949360370636,-0.22455014288425446,heart_426.png
-0.39357995986938477,0.12393603473901749,-0.43338531255722046,0.39632630348205566,0.2672596275806427,-0.28014951944351196,0.1455613672733307,-0.22603201866149902,heart_112.png
-0.4282098710536957,0.12721291184425354,-0.496833860874176,0.48157161474227905,0.3637564778327942,-0.33922094106674194,0.2392541915178299,-0.39773038029670715,heart_882.png
-0.40056926012039185,0.08022616803646088,-0.4337710738182068,0.4226330518722534,0.27711373567581177,-0.31244969367980957,0.1939237266778946,-0.24755698442459106,heart_35.png
-0.33753517270088196,0.04457958787679672,-0.37834298610687256,0.3571714162826538,0.24560049176216125,-0.258044570684433,0.1550625115633011,-0.19565847516059875,heart_1093.png
-0.43446728587150574,0.11236763000488281,-0.5125079154968262,0.47961151599884033,0.3446809649467468,-0.3353941738605499,0.24255593121051788,-0.40363258123397827,heart_623.png
-0.3681829869747162,0.10713601857423782,-0.39649105072021484,0.3855306804180145,0.23063752055168152,-0.24316194653511047,0.15970823168754578,-0.22234907746315002,heart_74.png
-0.4174778461456299,0.09865239262580872,-0.46752142906188965,0.46346646547317505,0.30294162034988403,-0.3315335512161255,0.2051955908536911,-0.34629103541374207,heart_497.png
-0.3531069755554199,0.09191682934761047,-0.4034422039985657,0.39495712518692017,0.24839076399803162,-0.27946382761001587,0.11177100986242294,-0.15976111590862274,heart_4.png
-0.3716900646686554,0.10130263864994049,-0.4218583106994629,0.3925146460533142,0.2632966637611389,-0.25687742233276367,0.15156567096710205,-0.25647762417793274,heart_1142.png
-0.4073066711425781,0.11167614907026291,-0.4766751527786255,0.46988236904144287,0.3154216408729553,-0.29873573780059814,0.21071653068065643,-0.3294222354888916,heart_766.png
-0.3484839200973511,0.06384123861789703,-0.3898512125015259,0.37613236904144287,0.23156538605690002,-0.22477677464485168,0.14361794292926788,-0.20546332001686096,heart_962.png
-0.3489730656147003,0.04664772376418114,-0.34421950578689575,0.3477257490158081,0.22508612275123596,-0.21929967403411865,0.1521589607000351,-0.1966482698917389,heart_704.png
-0.42683619260787964,0.13067574799060822,-0.4883521497249603,0.431729793548584,0.2970145642757416,-0.3219517469406128,0.21370460093021393,-0.29759714007377625,heart_271.png
-0.3522799015045166,0.06933083385229111,-0.37766537070274353,0.356930136680603,0.20121224224567413,-0.23183667659759521,0.1507025957107544,-0.18620023131370544,heart_87.png
-0.3695467412471771,0.07295015454292297,-0.3774702548980713,0.4010918140411377,0.2007879614830017,-0.21613837778568268,0.14552149176597595,-0.16560469567775726,heart_3.png
-0.3474871814250946,0.0664241760969162,-0.3869972229003906,0.3906002938747406,0.21150988340377808,-0.18683211505413055,0.17079220712184906,-0.2739735543727875,heart_171.png
-0.3446950316429138,0.06145179644227028,-0.39286327362060547,0.38364118337631226,0.220696821808815,-0.28400498628616333,0.15958523750305176,-0.17245244979858398,heart_973.png
-0.4112315773963928,0.13046857714653015,-0.45312801003456116,0.412132203578949,0.28013792634010315,-0.3042222559452057,0.1926354169845581,-0.2532835900783539,heart_518.png
-0.4022873342037201,0.10602636635303497,-0.4832153916358948,0.4374482035636902,0.2653941214084625,-0.3107427656650543,0.19595763087272644,-0.3275260329246521,heart_956.png
-0.39883720874786377,0.09206809848546982,-0.4579924941062927,0.3927459716796875,0.2745445966720581,-0.2990618944168091,0.19697585701942444,-0.2784964144229889,heart_538.png
-0.3311072885990143,0.05395795404911041,-0.38186317682266235,0.363284170627594,0.21394690871238708,-0.2374935746192932,0.15597611665725708,-0.3201625645160675,heart_292.png
-0.4203651249408722,0.10430887341499329,-0.44613614678382874,0.40388917922973633,0.2571706473827362,-0.3190634250640869,0.20335935056209564,-0.3027004599571228,heart_945.png
-0.3460690975189209,0.06721702218055725,-0.3782985806465149,0.3697831630706787,0.24686717987060547,-0.2470094859600067,0.15011097490787506,-0.18211457133293152,heart_447.png
-0.33981651067733765,0.06667198240756989,-0.3986881971359253,0.38768863677978516,0.21146106719970703,-0.22447723150253296,0.1342819333076477,-0.30050215125083923,heart_46.png
-0.34144216775894165,0.05781786888837814,-0.37035447359085083,0.3718070983886719,0.22278088331222534,-0.2413666844367981,0.13152281939983368,-0.21708276867866516,heart_12.png
-0.3831815719604492,0.09018341451883316,-0.38823795318603516,0.41329240798950195,0.24533352255821228,-0.29047441482543945,0.17988371849060059,-0.21364395320415497,heart_116.png
-0.36114704608917236,0.055138953030109406,-0.485399067401886,0.41222840547561646,0.29818761348724365,-0.2726806402206421,0.25654348731040955,-0.2979152500629425,heart_726.png
-0.3271077871322632,0.06499391794204712,-0.38827577233314514,0.37213021516799927,0.21039897203445435,-0.21508632600307465,0.15046590566635132,-0.2670741379261017,heart_1125.png
-0.3760671019554138,0.0771201103925705,-0.41373538970947266,0.4047250747680664,0.26129841804504395,-0.2959502339363098,0.20507068932056427,-0.24882875382900238,heart_788.png
-0.34406208992004395,0.03532858192920685,-0.42721307277679443,0.41800352931022644,0.21889236569404602,-0.25624144077301025,0.14358974993228912,-0.2705802917480469,heart_989.png
-0.39823681116104126,0.1346147656440735,-0.4322061240673065,0.39652180671691895,0.26502108573913574,-0.29079151153564453,0.17785996198654175,-0.2335277497768402,heart_761.png
-0.37949901819229126,0.06245803087949753,-0.427029013633728,0.39218783378601074,0.2414349913597107,-0.2502972483634949,0.1783755123615265,-0.3134217858314514,heart_696.png
-0.32321473956108093,0.019050046801567078,-0.3903008699417114,0.38495951890945435,0.22932180762290955,-0.2004404366016388,0.1532304286956787,-0.27516311407089233,heart_916.png
-0.44233912229537964,0.1200496256351471,-0.4667142331600189,0.43804046511650085,0.32744455337524414,-0.3544996380805969,0.2250693440437317,-0.2871730625629425,heart_353.png
-0.35334038734436035,0.07407136261463165,-0.36765044927597046,0.3782142102718353,0.213846355676651,-0.24416443705558777,0.15304085612297058,-0.17459119856357574,heart_1192.png
-0.37428170442581177,0.09693735837936401,-0.38858234882354736,0.41570985317230225,0.26087939739227295,-0.30926039814949036,0.19088000059127808,-0.2305140495300293,heart_468.png
-0.37050241231918335,0.05238522216677666,-0.41241151094436646,0.3682640790939331,0.23003408312797546,-0.28724944591522217,0.1689443439245224,-0.2106589376926422,heart_107.png
-0.34719616174697876,0.07422765344381332,-0.38213658332824707,0.36058759689331055,0.2402164787054062,-0.24477937817573547,0.16877393424510956,-0.19256186485290527,heart_405.png
-0.3885347247123718,0.06600914150476456,-0.43446338176727295,0.4144142270088196,0.2980039715766907,-0.32467055320739746,0.21488672494888306,-0.2795011103153229,heart_70.png
-0.3644680380821228,0.053933028131723404,-0.3502795100212097,0.35412293672561646,0.21213141083717346,-0.24960656464099884,0.150066539645195,-0.20321905612945557,heart_312.png
-0.3628714680671692,0.07184750586748123,-0.3697051703929901,0.36304783821105957,0.23510944843292236,-0.23278562724590302,0.15687470138072968,-0.17933669686317444,heart_206.png
-0.37236925959587097,0.05704241245985031,-0.3819579482078552,0.38566529750823975,0.22796262800693512,-0.2911187410354614,0.18968430161476135,-0.21893727779388428,heart_914.png
-0.3200622797012329,0.04135257005691528,-0.3646438419818878,0.3990740180015564,0.23405402898788452,-0.24556764960289001,0.18976499140262604,-0.27889561653137207,heart_541.png
-0.3912423253059387,0.10471092164516449,-0.39754819869995117,0.3942645192146301,0.24880224466323853,-0.2554393708705902,0.14854498207569122,-0.1823577880859375,heart_96.png
-0.3855088949203491,0.11100021004676819,-0.40909427404403687,0.41576969623565674,0.25431394577026367,-0.26987195014953613,0.15752598643302917,-0.2500990033149719,heart_91.png
-0.4764825999736786,0.1322321742773056,-0.4809214770793915,0.46482181549072266,0.3422727584838867,-0.3479701280593872,0.24777664244174957,-0.3706768751144409,heart_967.png
-0.3793531358242035,0.11967505514621735,-0.4160609841346741,0.4143848419189453,0.248993381857872,-0.2804223895072937,0.14965909719467163,-0.18276256322860718,heart_1080.png
-0.38029223680496216,0.09244081377983093,-0.4006543755531311,0.38748425245285034,0.23422294855117798,-0.2557629644870758,0.16160458326339722,-0.20343822240829468,heart_437.png
-0.3143886923789978,0.04625081270933151,-0.4022182524204254,0.3733597993850708,0.23317815363407135,-0.20752868056297302,0.12907645106315613,-0.28400731086730957,heart_73.png
-0.34180378913879395,0.025250673294067383,-0.38591834902763367,0.40433579683303833,0.23630504310131073,-0.22059619426727295,0.18197736144065857,-0.2897825837135315,heart_630.png
-0.37350985407829285,0.04107426106929779,-0.43179935216903687,0.43062126636505127,0.30710405111312866,-0.3114366829395294,0.23068100214004517,-0.28287389874458313,heart_34.png
-0.35733845829963684,0.06488635390996933,-0.3905295431613922,0.40205609798431396,0.2332119345664978,-0.26984626054763794,0.1963380128145218,-0.20005297660827637,heart_780.png
-0.36694470047950745,0.10582317411899567,-0.40439289808273315,0.38916105031967163,0.24996794760227203,-0.28224891424179077,0.16201594471931458,-0.20100820064544678,heart_1012.png
-0.3537693917751312,0.0768895149230957,-0.4493747651576996,0.3966391980648041,0.2912411093711853,-0.27465739846229553,0.21259596943855286,-0.4036264717578888,heart_930.png
-0.39770251512527466,0.1211426705121994,-0.45624691247940063,0.42040860652923584,0.30183345079421997,-0.28627705574035645,0.1978548765182495,-0.37001243233680725,heart_1185.png
-0.3463039994239807,0.08751294016838074,-0.3881758451461792,0.3810063600540161,0.2142218053340912,-0.23877239227294922,0.1588565707206726,-0.21782565116882324,heart_443.png
-0.33908799290657043,0.07735847681760788,-0.37517911195755005,0.3813667297363281,0.23841050267219543,-0.2332983911037445,0.16942372918128967,-0.20108968019485474,heart_372.png
-0.3604575991630554,0.08628138154745102,-0.3715740740299225,0.39375728368759155,0.2157069593667984,-0.24738073348999023,0.14402158558368683,-0.18143025040626526,heart_875.png
-0.36421090364456177,0.07236173003911972,-0.4048781991004944,0.39527904987335205,0.23975878953933716,-0.2744373381137848,0.17211772501468658,-0.20743265748023987,heart_519.png
-0.32587993144989014,0.04556187242269516,-0.38839778304100037,0.3819066286087036,0.21079140901565552,-0.19946935772895813,0.13041740655899048,-0.262254923582077,heart_670.png
-0.40229955315589905,0.11464031785726547,-0.41929465532302856,0.4132782518863678,0.257497638463974,-0.2812620997428894,0.16464117169380188,-0.28746455907821655,heart_121.png
-0.40664923191070557,0.12019222229719162,-0.4287427067756653,0.4179794490337372,0.3097643256187439,-0.31461867690086365,0.2039632946252823,-0.28094929456710815,heart_859.png
-0.32889389991760254,0.049277178943157196,-0.3969463109970093,0.38868945837020874,0.1919199824333191,-0.20636896789073944,0.1318225860595703,-0.2752445638179779,heart_321.png
-0.34632033109664917,0.05988257750868797,-0.4290938973426819,0.4093579053878784,0.2716583013534546,-0.26869556307792664,0.19661478698253632,-0.2943715453147888,heart_864.png
-0.427225261926651,0.10288133472204208,-0.46767544746398926,0.46585458517074585,0.3169916868209839,-0.362554132938385,0.20844702422618866,-0.3276848793029785,heart_861.png
-0.397610604763031,0.07879327237606049,-0.4236021637916565,0.42746931314468384,0.2923419177532196,-0.2934749722480774,0.20137205719947815,-0.2708365321159363,heart_5.png
-0.40147843956947327,0.08273249119520187,-0.4720815122127533,0.44705677032470703,0.2553884983062744,-0.2810748815536499,0.18713533878326416,-0.34923213720321655,heart_354.png
-0.4142420291900635,0.12823686003684998,-0.462571918964386,0.42427533864974976,0.3411458730697632,-0.332395076751709,0.22943992912769318,-0.31916749477386475,heart_425.png
-0.33720654249191284,0.06121250241994858,-0.382623553276062,0.3782985806465149,0.21115458011627197,-0.22109967470169067,0.14632068574428558,-0.27982914447784424,heart_1195.png
-0.3422797918319702,0.07991323620080948,-0.3962622880935669,0.36474156379699707,0.22334441542625427,-0.23111450672149658,0.13952197134494781,-0.19330021739006042,heart_120.png
-0.3822367191314697,0.10822384059429169,-0.40767335891723633,0.4101765751838684,0.2713981568813324,-0.28497859835624695,0.16445723176002502,-0.23792517185211182,heart_29.png
-0.35172560811042786,0.04988269507884979,-0.365170419216156,0.37770479917526245,0.23888349533081055,-0.21889349818229675,0.1542353332042694,-0.1969844400882721,heart_218.png
-0.3577669858932495,0.02956516295671463,-0.37525737285614014,0.40272390842437744,0.22968117892742157,-0.26615774631500244,0.2103707641363144,-0.2883262634277344,heart_370.png
-0.40455254912376404,0.11698182672262192,-0.43789732456207275,0.4214695692062378,0.2885541617870331,-0.3360012471675873,0.22165098786354065,-0.2770451009273529,heart_768.png
-0.37740135192871094,0.07256725430488586,-0.38627731800079346,0.38005441427230835,0.27056676149368286,-0.2904251515865326,0.17037871479988098,-0.22565677762031555,heart_390.png
-0.3483036756515503,0.05426806956529617,-0.3553543984889984,0.3590371608734131,0.2269107699394226,-0.20272819697856903,0.16889682412147522,-0.17163807153701782,heart_224.png
-0.33579689264297485,0.0555415078997612,-0.3899325132369995,0.36838382482528687,0.21885424852371216,-0.22573815286159515,0.15313540399074554,-0.22806623578071594,heart_173.png
-0.43453121185302734,0.14031103253364563,-0.5000487565994263,0.4609348177909851,0.32353776693344116,-0.34883761405944824,0.21253468096256256,-0.3770774006843567,heart_359.png
-0.40003347396850586,0.10585196316242218,-0.48633673787117004,0.4243776202201843,0.2681202292442322,-0.2871018648147583,0.1849593073129654,-0.3598722219467163,heart_552.png
-0.41839292645454407,0.08141554147005081,-0.44913190603256226,0.4503421187400818,0.2786411643028259,-0.31866535544395447,0.20132648944854736,-0.28574255108833313,heart_677.png
-0.3206859827041626,0.07132589817047119,-0.3509564995765686,0.39009249210357666,0.20895132422447205,-0.18250426650047302,0.126241073012352,-0.18435099720954895,heart_446.png
-0.37920081615448,0.09857254475355148,-0.40057572722435,0.39697110652923584,0.24007149040699005,-0.2561061978340149,0.16522929072380066,-0.19797083735466003,heart_350.png
-0.37839770317077637,0.07972043007612228,-0.4206134080886841,0.39494967460632324,0.23809435963630676,-0.2621855139732361,0.15818989276885986,-0.2189466953277588,heart_1023.png
-0.3482424318790436,0.05698500573635101,-0.34992170333862305,0.3388034701347351,0.22307664155960083,-0.22065015137195587,0.14449146389961243,-0.16369107365608215,heart_485.png
-0.41133013367652893,0.10124082863330841,-0.4556920528411865,0.4743548631668091,0.28222915530204773,-0.2866476774215698,0.22212931513786316,-0.3146164119243622,heart_122.png
-0.4106002449989319,0.08777987957000732,-0.42418670654296875,0.4171992540359497,0.2658015489578247,-0.3199831545352936,0.17673902213573456,-0.2540036141872406,heart_562.png
-0.32311171293258667,0.02751629799604416,-0.3965007960796356,0.430965781211853,0.23156654834747314,-0.23387198150157928,0.19776402413845062,-0.29616010189056396,heart_161.png
-0.3934149146080017,0.05595208704471588,-0.4267778694629669,0.40261125564575195,0.27824467420578003,-0.32017600536346436,0.2018001824617386,-0.27274617552757263,heart_545.png
-0.4305309057235718,0.13228970766067505,-0.4853495955467224,0.4846753478050232,0.31473538279533386,-0.34217798709869385,0.23657876253128052,-0.3547821640968323,heart_48.png
-0.3891052007675171,0.12083114683628082,-0.4064769744873047,0.3972996473312378,0.24897901713848114,-0.2697029411792755,0.15847378969192505,-0.2025759220123291,heart_1191.png
-0.3613388240337372,0.050955019891262054,-0.3740837574005127,0.3579922318458557,0.23037749528884888,-0.23446908593177795,0.1604117602109909,-0.16164718568325043,heart_520.png
-0.332910418510437,0.06979869306087494,-0.3922799229621887,0.3770473003387451,0.19369615614414215,-0.20456869900226593,0.1526278704404831,-0.26197579503059387,heart_1030.png
-0.39661577343940735,0.09594092518091202,-0.4226944148540497,0.39813321828842163,0.24650700390338898,-0.28222495317459106,0.15391530096530914,-0.24576932191848755,heart_399.png
-0.3658044636249542,0.06809915602207184,-0.4347313642501831,0.387087881565094,0.2504875957965851,-0.25935599207878113,0.18151135742664337,-0.308199942111969,heart_607.png
-0.3828986883163452,0.11138080060482025,-0.4229573607444763,0.420051246881485,0.26821818947792053,-0.24276620149612427,0.1793891042470932,-0.21077567338943481,heart_1074.png
-0.40619605779647827,0.05347631871700287,-0.43540990352630615,0.42203718423843384,0.2566078305244446,-0.29005464911460876,0.21482336521148682,-0.28156349062919617,heart_803.png
-0.38120725750923157,0.08900126069784164,-0.38707324862480164,0.3827725052833557,0.24590787291526794,-0.2649087607860565,0.15716834366321564,-0.18016231060028076,heart_992.png
-0.38251161575317383,0.1027250811457634,-0.4027509093284607,0.39986902475357056,0.22422294318675995,-0.27426549792289734,0.1509673148393631,-0.1863006353378296,heart_191.png
-0.37523114681243896,0.07611450552940369,-0.408247709274292,0.4148840010166168,0.24645376205444336,-0.2693995237350464,0.1852845400571823,-0.25603222846984863,heart_907.png
-0.36578047275543213,0.08224207162857056,-0.38550764322280884,0.4120824933052063,0.25426095724105835,-0.2624445855617523,0.16573381423950195,-0.19755983352661133,heart_810.png
-0.4008082449436188,0.08842582255601883,-0.48441827297210693,0.4372592568397522,0.2819444537162781,-0.257563978433609,0.2090933471918106,-0.29107534885406494,heart_516.png
-0.37334996461868286,0.08922245353460312,-0.44828957319259644,0.42432326078414917,0.2724599838256836,-0.333895206451416,0.20958928763866425,-0.25816190242767334,heart_143.png
-0.3445340096950531,0.07570217549800873,-0.3939968943595886,0.3514074683189392,0.2335280179977417,-0.2495122253894806,0.1594448983669281,-0.21049194037914276,heart_496.png
-0.35704225301742554,0.019926581531763077,-0.3699088394641876,0.4121379256248474,0.24045945703983307,-0.2532271444797516,0.17947691679000854,-0.23198507726192474,heart_202.png
-0.45233696699142456,0.1314813792705536,-0.5159512162208557,0.5154931545257568,0.34875667095184326,-0.34043318033218384,0.24345166981220245,-0.4046492576599121,heart_963.png
-0.4201910197734833,0.12654021382331848,-0.4334513545036316,0.4312185049057007,0.3255521059036255,-0.3407183885574341,0.21460454165935516,-0.2766057550907135,heart_293.png
-0.37614917755126953,0.07280995696783066,-0.3964537978172302,0.39738762378692627,0.25481078028678894,-0.2800089716911316,0.18617196381092072,-0.2589431405067444,heart_1019.png
-0.3716733157634735,0.07533098012208939,-0.3659898638725281,0.39750444889068604,0.24219411611557007,-0.2519667148590088,0.18181581795215607,-0.25026366114616394,heart_617.png
-0.377539724111557,0.11478626728057861,-0.423456072807312,0.40558794140815735,0.27399569749832153,-0.2977435886859894,0.16534829139709473,-0.24060946702957153,heart_1110.png
-0.37749820947647095,0.09354868531227112,-0.41984450817108154,0.40242546796798706,0.24651142954826355,-0.239925354719162,0.15221914649009705,-0.24205464124679565,heart_1100.png
-0.374490886926651,0.045561447739601135,-0.43177759647369385,0.417568176984787,0.2911612391471863,-0.28063905239105225,0.179005965590477,-0.24956625699996948,heart_773.png
-0.3438568115234375,0.03123074769973755,-0.42631253600120544,0.41902053356170654,0.2648387551307678,-0.2841917872428894,0.21916460990905762,-0.2745148241519928,heart_355.png
-0.36619895696640015,0.08312226831912994,-0.4289324879646301,0.37539201974868774,0.250496506690979,-0.23811233043670654,0.19482077658176422,-0.2812082767486572,heart_195.png
-0.3142203688621521,0.04845605790615082,-0.3763023614883423,0.3629671335220337,0.20299279689788818,-0.2073706090450287,0.12885504961013794,-0.2387857437133789,heart_464.png
-0.3455139696598053,0.08938291668891907,-0.4506891369819641,0.430910587310791,0.2916369140148163,-0.3360438346862793,0.21056312322616577,-0.2997244894504547,heart_400.png
-0.3347635865211487,0.06515437364578247,-0.4517824053764343,0.38212406635284424,0.3094105124473572,-0.2607678174972534,0.1408858448266983,-0.3501310646533966,heart_240.png
-0.34739261865615845,0.05693696811795235,-0.4294382929801941,0.4106351435184479,0.23881953954696655,-0.23821374773979187,0.2038985788822174,-0.2846871316432953,heart_237.png
-0.34388405084609985,0.0588994026184082,-0.3789801001548767,0.363298237323761,0.21826563775539398,-0.22281894087791443,0.14129124581813812,-0.17496027052402496,heart_985.png
-0.3568169176578522,0.05733373016119003,-0.3882567882537842,0.36396563053131104,0.20759858191013336,-0.2498437464237213,0.1496807038784027,-0.18117168545722961,heart_698.png
-0.33020833134651184,0.04657977819442749,-0.453747034072876,0.4581974148750305,0.2631085515022278,-0.27329471707344055,0.23630662262439728,-0.29488009214401245,heart_1128.png
-0.3749692142009735,0.07927872240543365,-0.4271166920661926,0.40128129720687866,0.23314471542835236,-0.25223901867866516,0.16406062245368958,-0.3389871120452881,heart_158.png
-0.3878556489944458,0.08775988221168518,-0.4256581664085388,0.4158174395561218,0.2541612386703491,-0.30074572563171387,0.18904735147953033,-0.24643269181251526,heart_1011.png
-0.336668461561203,0.06024181470274925,-0.39640218019485474,0.392794668674469,0.20736244320869446,-0.23667442798614502,0.16691763699054718,-0.2464154064655304,heart_302.png
-0.3324693441390991,0.05237235128879547,-0.47454380989074707,0.4043310880661011,0.3205357491970062,-0.30917859077453613,0.1523597687482834,-0.39049625396728516,heart_414.png
-0.33154964447021484,0.025054901838302612,-0.41461795568466187,0.40150099992752075,0.22590334713459015,-0.2766055464744568,0.17819824814796448,-0.22719806432724,heart_1041.png
-0.3974970579147339,0.12552328407764435,-0.41114673018455505,0.40441930294036865,0.27340805530548096,-0.27215850353240967,0.14895565807819366,-0.1991691291332245,heart_1065.png
-0.41810762882232666,0.144255131483078,-0.510868489742279,0.49542027711868286,0.3575729727745056,-0.32799071073532104,0.2579275965690613,-0.4133593440055847,heart_373.png
-0.36980682611465454,0.05916556343436241,-0.4265210032463074,0.4268982410430908,0.22217139601707458,-0.2876121401786804,0.19053968787193298,-0.21408575773239136,heart_512.png
-0.3666728436946869,0.07251744717359543,-0.38186341524124146,0.3737896978855133,0.20673421025276184,-0.2583453059196472,0.14848068356513977,-0.2055951952934265,heart_314.png
